,date,content
0,2022-09-09 23:11:12+00:00,@mrddmia @pnjaban Our side don't make death threats. Those are rabid Trumpers.
1,2022-09-09 21:41:27+00:00,I will never be able to wrap my head around Americans who love the British royal family.
2,2022-09-09 17:43:14+00:00,"Grailed notifications be like â€œRIP the Queen, but RIP your style without these new ğŸ”¥ ğŸ”¥ ğŸ”¥ cops. Supreme and Balenciaga available nowâ€"
3,2022-09-09 17:38:42+00:00,"Sure, as an icon who people have looked towards for comfort (Ã  la Rosa Parks, RBG, or Dolly Parton), people mourning Elizabeth's passing are due sympathy. Her death, however, shouldn't be divorced from the very real criticism of monarchical rule in the modern era. ğŸ¤·â€â™‚ï¸"
4,2022-09-09 17:37:44+00:00,"So Prince William will become the Prince of Walesâ€¦ last year, with the help of @martinjohnes, I asked â€œare we right to want anotherâ€, and what does that mean for Cymru and the Royal Family?https://t.co/1F1JVqunWg"
5,2022-09-09 17:33:01+00:00,I got a fire poem on england. Someone publish it so I can post it!
6,2022-09-09 16:58:50+00:00,rip queen I know you would have loved the new dj pantha single
7,2022-09-09 16:13:54+00:00,Things I learned recently: Algonquin isnâ€™t an indie anymore! They were bought by Workman which was just bought by Hachette! RIP another good small publisher. Theyâ€™re coming for you Catapult/Soft Skull/Counterpoint!
8,2022-09-09 15:09:40+00:00,"literally so boring how we always know who the next king/queen of england will be, why not switch it up for once and pick someone else ğŸ™„ so predictable of you, england"
9,2022-09-09 15:01:19+00:00,Rip to the Queen. Iâ€™m not gone lie I thought sis was lowkey immortal but that could just be from all the conspiracies I read and look into ğŸ¤£ğŸ˜­ğŸ˜­ğŸ˜­
10,2022-09-09 09:43:10+00:00,id say RIP but she deserves no peace https://t.co/SmjVuwvbUE
11,2022-09-09 06:04:50+00:00,@MarkHamill Rest in PEACE â˜®ï¸â˜®ï¸â˜®ï¸â˜®ï¸ ON EARTH...GREAT QWEEN...@qweenelizabeth
12,2022-09-09 04:32:07+00:00,"So typical. The @sfchronicle barely makes mentions Her Majesty, Queen Elizabethâ€™s II passing. The @nytimes had devoted entire front page coverage of this sad, historic event. Selfish, insular, ass-backwards SF as usual,"
13,2022-09-09 04:13:21+00:00,"@Dumbshowsnoise @Dred_Tory My deepest condolences go out to #QueenElizabethâ€™s family, friends and all those who mourn this sad day. ğŸ‘‘ I spent a year in #London #England &amp; would never have returned if I had the choice. #Anglophile My mom would be in tears &amp; glued to @MSNBC ğŸ’”https://t.co/YsFEcOmqxK"
14,2022-09-09 03:21:09+00:00,Someone wearing a shirt of the Queen of England? Like babe?
15,2022-09-09 02:34:43+00:00,Tremendous respect for her dedication to the service of the Commonwealth. Sad to mourn the death of my Queen today. https://t.co/I8coZVlo4p
16,2022-09-09 02:34:05+00:00,"Wait, so England has a male queen now??"
17,2022-09-09 02:27:49+00:00,"Very likely, my last #sunset in #sanfrancisco this year on the very day Her Majesty had passed. https://t.co/lTZ5ToOnNN"
18,2022-09-09 01:59:34+00:00,The USA should invade England and abolish the monarchy
19,2022-09-09 01:41:15+00:00,Very sad news on our Queen. RIP Elizabeth.
20,2022-09-09 01:33:18+00:00,@Eizenclown Congratulations Your Majesty https://t.co/VPIjNU5m26
21,2022-09-09 01:32:51+00:00,@RSherman_25 @danorlovsky7 @BaldyNFL Please feel free to rip up my Niners the same way. â˜ºï¸ğŸ‘ğŸ’¯ https://t.co/py8OSTE2Zc
22,2022-09-09 01:28:18+00:00,"@Roshan_Rinaldi @KIPPSI1 In the photo, itâ€™s obvious that her royal majesty is not amused."
23,2022-09-09 01:21:07+00:00,"@ckwest542 @atrupar Well, to be fair.FPOTUS probably had classified files on the royal family.Why you ask?Cause he could trade them off with the National Enquirer to bury stories detrimental to himself.Iâ€™m just saying.https://t.co/iH6W49D1c8"
24,2022-09-09 01:09:00+00:00,@kashlyn15 mann rip granny beth ğŸ’”ğŸ˜– iâ€™m sick asfk behind her rn
25,2022-09-09 00:46:05+00:00,It feels really weird that England has a king now.
26,2022-09-09 00:41:07+00:00,The Real Reason She Died ğŸ˜‚ @ARTMANTHEGREAT @wantedbythe8th @RayJack97010720 @TDHBXG #SHES DEAD #Queen Elizabeth II #Rest In Peace #Queen Elizabeth II #Rest In Peace https://t.co/fRigvsjJJj
27,2022-09-09 00:14:07+00:00,"Can someone explain to me, why they're so many people celebrating the death of The Queen and making fun of her death as well? This genuinely has me confused. Celebrating the death of someone is just not cool. Says a lot about you as a person. But I am still genuinely confused ğŸ˜•"
28,2022-09-09 00:10:31+00:00,"@steamyporkbuns @thewongmann @eean North Korea is supposed to be a ""Democratic People's Republic,"" but it's basically run by the Kim royal family in an absolute authoritarian way."
29,2022-09-09 00:10:16+00:00,I wish somebody would talk about my death like the way yâ€™all are coming for the Queen ğŸ˜©ğŸ˜­
30,2022-09-08 23:45:27+00:00,Why is everyone on Twitter talking about the death of Freddie Mercury?
31,2022-09-08 23:27:45+00:00,@tonyjuni0rr @selsgaga @GagaMediaNet I went all the way there for nothing. I'm not going to the show until later tonight at 7. I live like 30min away lol rip
32,2022-09-08 22:48:12+00:00,Rest In Peace to the Queen https://t.co/g65f3ARPcy
33,2022-09-08 22:42:34+00:00,@TheChefette @theonlyjasonlee Yeah after he claimed the Queen was dead when she wasn't this shmuck's got no business making jokes. In fact the only thing he should be doing right now is keeping his mouth shut in regards to the death of the Queen.
34,2022-09-08 22:39:34+00:00,"Death Valley was 127Â°F, the hottest temperature ever recorded in September. This is not species extinction, itâ€™s an extermination. Citizens arrest the billionaires. Hold fossil fuel executives accountable for crimes against humanity. Freedom is only free if you fight for it."
35,2022-09-08 22:37:49+00:00,@DeanPreston Here it is responding to the mayor talking about the Queen of England https://t.co/QXUzBZ2U71
36,2022-09-08 22:23:45+00:00,"If one of the next 3 James Bond films isn't titled ""On His Majesty's Secret Service"" I'm going to feel robbed."
37,2022-09-08 22:18:42+00:00,"@AndyKHLiu queen's death got everybody up, what a good day"
38,2022-09-08 22:17:53+00:00,"@UjuAnya you have just set back what your fighting for back years I am gay I am British and I am a product of empire and how my mum and dad found one another, your hateful words havenâ€™t helped anyone enjoying someoneâ€™s death says a lot about you and none of it good. ğŸ‡¬ğŸ‡§"
39,2022-09-08 22:02:17+00:00,RIP Mr. Shaw https://t.co/8s6Vhc3h5g
40,2022-09-08 22:01:00+00:00,"@klwtts RIP ğŸ˜“ you can come hang at my place if you want. No A/C, but we got fans"
41,2022-09-08 21:41:40+00:00,@KenScottOlson @jemelehill DEATH TO THE QUEEN OPPRESSORâœŠğŸ¾ğŸš«ğŸ‘¸ğŸ»
42,2022-09-08 21:41:02+00:00,@KenScottOlson @DJYellaLine @jemelehill âœŠğŸ¾âœŠğŸ¾âœŠğŸ¾âœŠğŸ¾DEATH TO THE LIZARD
43,2022-09-08 21:38:18+00:00,ğŸ‡®ğŸ‡¹ Start counting how many comedians come up with HM Queen of England jokes now! Iâ€™ll go 1stğŸ¤£ @larrybeyah 2015 @GothamComedy â€¦ @RelocationBoss @TheMrsLevy @Plontus_ @jessicaflatcat @Emilio2763 @SmokeyBrooks @KISH_KISH_KISH_ @DaniielleAshley @NewTomWhoDis @toni_girl_ @StancilJim https://t.co/fXWdBJ2Npj
44,2022-09-08 21:36:22+00:00,RIP your Majesty! ğŸ™ https://t.co/DcpbaEfIib
45,2022-09-08 21:22:39+00:00,@MarkTLive I will never get the media obsession on the British royal family.  She was the queen of England not the US and I'd getting way more coverage than she deserves former presidents don't get this when they pass away)
46,2022-09-08 21:14:32+00:00,where the queen death celebration parties at
47,2022-09-08 21:14:13+00:00,Rest In Peace. Itâ€™s a sad day for sure ğŸ˜” https://t.co/ZMyXsD5JLZ
48,2022-09-08 21:13:58+00:00,"It will probably take something shocking to get through the noise surrounding the death of the Queen, huh? https://t.co/RhqnN4U7NZ"
49,2022-09-08 21:12:15+00:00,"@MikeKeegan_DM Hold a minutes silence, tributes to her majesty, black arm bands, national anthem. Games went ahead after her Dad's death in 1952 and they should now."
50,2022-09-08 21:08:08+00:00,"My students are very sorry for the Queenâ€™s dead. They are sad that students in England wonâ€™t go to school for a week, but they do have to comeğŸ˜… #QueenElizabeth"
51,2022-09-08 20:51:24+00:00,I had almost forgot twitter has a keywords muting feature.   Enough of royal family bs!
52,2022-09-08 20:13:41+00:00,All these memes about the Queenâ€™s death are sending me ğŸ’€
53,2022-09-08 20:12:30+00:00,"@MtzTweets Every now &amp; then MUST think about death...so, We can prioritize what needs to be done right at this momento. Tomorrow quiza a bit too late."
54,2022-09-08 20:11:46+00:00,RIP QUEEN https://t.co/5U5JanaYa2
55,2022-09-08 20:07:04+00:00,Queen Elizabeth died â€¦ get ready for 3000 events in the UK surrounding this death
56,2022-09-08 20:00:47+00:00,the amount of bootlicking by americans over the death of the queen when their greatest connection to the uk is going on a family vacation to london for a week back in 2009 is truly wild
57,2022-09-08 19:56:47+00:00,Condolences to Megan and the royal family #QueenElizabeth
58,2022-09-08 19:51:45+00:00,*me scrolling through twitter*â€œWhy is death so funny?â€
59,2022-09-08 19:46:55+00:00,"May all those affected by colonialism/imperialism realize the generational trauma they carry, to continue the individual/collective healing of those wounds, to make the world a more peaceful &amp; equitable place to be. ğŸŒâ˜®ï¸â¤ï¸â€ğŸ©¹This will not be achieved by the death of 1 woman. https://t.co/mdEo5pcmU7"
60,2022-09-08 19:43:56+00:00,@OliviaRubinABC These are the sounds of the last throes of a dying MAGA regime. Death rattles all around.
61,2022-09-08 19:40:58+00:00,"all of urbanist twitter was arguing about sideshows yesterday, little did they know the ultimate smokeshow was about to pass away. RIP Elizabeth ğŸ˜¢"
62,2022-09-08 19:37:29+00:00,@stavvers I myself would consider this form of death to be quite enjoyable and would request it rather to being kept alive with technology way past all sanity. And then when it finally is unrecoverable  they â€œremove the feeding tubeâ€ until you dieâ€¦ uh. Cocaine and morphine please.
63,2022-09-08 19:36:21+00:00,May you rest in peace Queen of all queens. https://t.co/VyxxklCgJB
64,2022-09-08 19:29:21+00:00,Rest In Peace ğŸ‡¬ğŸ‡§ https://t.co/VPNxQZwNNf
65,2022-09-08 19:15:27+00:00,"RIP Queen Elizabeth II. During her reign, the British Empire lost the majority of its territories worldwide to decolonization. Hereâ€™s to hoping the remaining territories achieve independence during her sonâ€™s reign."
66,2022-09-08 19:14:32+00:00,RIP the Queen even though she wasnâ€™t my queen
67,2022-09-08 19:13:33+00:00,#QueenElizabeth RIP queen
68,2022-09-08 19:05:24+00:00,"Rest in peace Queen Elizabeth. Grew up with her, Pope John Paul II, and Mother Teresa as larger than life individuals. https://t.co/hDryE3DbiQ"
69,2022-09-08 19:03:06+00:00,"Meanwhile in the USA, no running water in Jackson, houseless folks are forced to move encampments as if they are objects, women are forced to have babies when they government wonâ€™t help provide resources and the world is stopping for this. #AbolishTheMonarchy #QueenElizabeth https://t.co/KZWNqP0GhU"
70,2022-09-08 19:00:24+00:00,"We, the @openaustriasf Team, are deeply saddened by the death of HM Queen Elizabeth II. We offer our sincere condolences to our friends at @UKin_SF and all those from ğŸ‡¬ğŸ‡§ and her other Commonwealth realms here in the Bay Area.May she rest in peace / MÃ¶ge sie in Frieden ruhen https://t.co/4vmJELqpBl"
71,2022-09-08 19:00:22+00:00,R.I.P. Your Majesty ğŸ˜” #RIPQueenElizabeth https://t.co/JWAEgBLgqd
72,2022-09-08 18:59:55+00:00,R.I.P. Your Majesty ğŸ˜” #RIPQueenElizabeth https://t.co/9JRKpvQkLw
73,2022-09-08 18:54:36+00:00,@its_celerai And I want all of England and people all over the world to stop working to watch on TV as these people royally piss off all the living members of the former royal family for wearing their clothes and stepping foot in one of their buildings
74,2022-09-08 18:49:23+00:00,@Kris_Sacrebleu These past 2 decades it felt like she morphed into the entire world's cute great grandma. My wife and I are surprised at how saddened we are about her passing. RIP QEII âœŒï¸ğŸ’œğŸ™
75,2022-09-08 18:48:30+00:00,"Now, the relationship was a bit strained for a century-and-a-half, but the US and the British Royal Family made amends to do what ultimately became a pastime: jointly fighting the Germans."
76,2022-09-08 18:44:18+00:00,RIP the Queen. Thank god my boy @JDOak11_ was able to be knighted before her death. https://t.co/vvgsFncGxK
77,2022-09-08 18:43:01+00:00,"My 97 year-old gramma has officially outlived the Queen. Suck it, England."
78,2022-09-08 18:35:31+00:00,"As we honour the memory of Her Majesty Queen Elizabeth II, @FranceinSF presents its most sincere condolences to @UKin_SF and to the people of the United Kingdom. Her mark on History will remain forever. https://t.co/F9CBmwO2yi"
79,2022-09-08 18:23:36+00:00,"God bless Queen Elizabeth, who is once again with her Prince Phillip.RIP, and thank you for your 70 years of dedicated service."
80,2022-09-08 18:23:20+00:00,"Rest in peace Queen Elizabeth. We arenâ€™t fans of monarchy and privilege, but the Queen has been an inspirational leader to a country and one of our closest allies. There is no time for hate."
81,2022-09-08 18:20:31+00:00,"RIP to the queen, all the good ones die young"
82,2022-09-08 18:19:59+00:00,"I'm just saying, how cool would it be if Lizzy was the last ever monarch of England? If they just said ""we had a good run but I think we've had enough, let's just end on a high note"" and there was a raffle every year for some couple to have a ""royal wedding"" that gets televised"
83,2022-09-08 18:18:39+00:00,R.I.P. Your Majesty ğŸ˜” #RIPQueenElizabeth https://t.co/xi465Whkg8
84,2022-09-08 18:18:07+00:00,R.I.P. Your Majesty ğŸ˜” #RIPQueenElizabeth https://t.co/IhkLJKmnRe
85,2022-09-08 18:14:35+00:00,R.I.P. Your Majesty ğŸ˜” #RIPQueenElizabeth https://t.co/XhZ3cWZz87
86,2022-09-08 18:11:01+00:00,RIP Queen Elizabeth https://t.co/EC18elwYZw
87,2022-09-08 18:07:58+00:00,RIP to Her Royal Majesty #QueenElizabethII https://t.co/8sLkVfGZBp
88,2022-09-08 18:07:24+00:00,"Well, that was an emotional maelstrom I fully didnâ€™t see coming. Rest In Peace, Regina"
89,2022-09-08 18:04:36+00:00,The Queen of England died??? Shidddd lemme hit the bars tonight ğŸ¤ªğŸ¤ª
90,2022-09-08 18:01:42+00:00,Prayers 2 her royal majesty ğŸ™ğŸ¾ğŸ‡¬ğŸ‡§ #RIPQueenElizabeth
91,2022-09-08 18:01:37+00:00,â€œRIP BOZOâ€ got me cackling https://t.co/jzUPoLV9J6
92,2022-09-08 17:57:42+00:00,The Queen of England is dead ğŸ’€
93,2022-09-08 17:55:45+00:00,Itâ€™s unreal. My grandfather had a British citizenship and I grew up watching the royal family. I just wow itâ€™s just unreal that she passed. May she Rest In Peace. https://t.co/b6Hi2QIs1t
94,2022-09-08 17:55:40+00:00,"Thank you, your Majesty. https://t.co/mnWXRHUFX8"
95,2022-09-08 17:54:01+00:00,Rest in peace https://t.co/gk5Cco206K
96,2022-09-08 17:52:46+00:00,why the FUCK is Caltrain mourning the death of a foreign monarch https://t.co/jP27Yvz6E8
97,2022-09-08 17:52:15+00:00,Long live the King. RIP to the greatest Queen ever.
98,2022-09-08 17:50:29+00:00,https://t.co/S8G71EJujzRIP Queen Elizabeth
99,2022-09-08 17:49:39+00:00,"Her Majesty, the Queen ğŸ™ğŸ»"
100,2022-09-08 17:48:32+00:00,"Queen Elizabeth wonâ€™t see your RIP tweets, but your friend who judges you for stanning the royals will (me)"
101,2022-09-08 17:47:16+00:00,@ReignOfApril @RichieBrave It's been confirmed by the royal family has it not?
102,2022-09-08 17:46:24+00:00,May she Rest In Peace https://t.co/9DARdY29Uw
103,2022-09-08 17:45:09+00:00,Rest In Peace https://t.co/ggUEu7HR8x
104,2022-09-08 17:45:02+00:00,Hey @theonlyjasonlee  How come you're not reporting the Queen is dead? Since you know it's actually true this time as confirmed by the Royal family AKA people who actually know what they're talking about. https://t.co/JnyCYjf1sp
105,2022-09-08 17:42:52+00:00,Rest In Peace Queen Elizabeth II https://t.co/x6BJE7nazw
106,2022-09-08 17:42:37+00:00,my highest aspiration in life is to inspire even a fraction of as many shitposts in my death as the Queen has
107,2022-09-08 17:40:00+00:00,rip grandma
108,2022-09-08 17:38:49+00:00,My prayers to the royal family and all the entire U.K. No one wears a hat like Queen Elizabeth II has. https://t.co/PYNkmlbmgJ
109,2022-09-08 17:34:13+00:00,Rest In Peace Queen Elizabeth II
110,2022-09-08 17:32:21+00:00,RIP Queen Elizabeth
111,2022-09-08 16:32:03+00:00,My mom went back to England to visit family after almost a decade and now look
112,2022-09-08 16:15:03+00:00,"Rest In Peace, Jerry ""van"" Jew.  Didn't know he had brain cancer. https://t.co/5v7BIHdS8H"
113,2022-09-08 16:09:46+00:00,"So sorry to hear Ella passed away...Rest In Peace, Ella.  We'll miss you. https://t.co/WkmUZJRE3x"
114,2022-09-08 15:56:21+00:00,"RIP David Arnold ğŸ’” Damn man, bruh was hilarious. He was only days into his tourâ€¦this was so unexpected. Prayers to his family."
115,2022-09-08 15:19:45+00:00,@LordDeazy my newest battery too ğŸ’”ğŸ’”ğŸ’” RIP
116,2022-09-08 15:14:07+00:00,United Kingdom Royal family members are rushing to Balmoral Castle in Scotland because of news that Queen Elizabethâ€™s doctors are concerned for her health.Prince Harry and Meghan Markle are among those headed there. https://t.co/QOcNWjlAlF
117,2022-09-08 15:13:09+00:00,Im really hoping THE QUEEN kicks the can. People have been brainwashed into thinking that monarchy is cool and hip. Itâ€™s just corrupt and disgusting.F$&amp;@ â€œthe royal familyâ€
118,2022-09-08 15:06:14+00:00,"@nowthisnews Once the family gets there, they will announce her death."
119,2022-09-08 14:54:06+00:00,#RIP Queen Mum.
120,2022-09-08 14:16:59+00:00,He did great work. RIP https://t.co/dJzkDkqeIT
121,2022-09-08 14:03:06+00:00,they seem to be soft launching the death of the monarch https://t.co/KYH5YFe8Lj
122,2022-09-08 13:52:45+00:00,rumor has it that my man f*cked me so hard last night that the reverberations hit england...a coincidence? unlikely.. https://t.co/I1BIKKat4X
123,2022-09-08 13:47:24+00:00,RIP to master #journalist #BernardShaw ğŸ˜https://t.co/aNUiln9CIL
124,2022-09-08 12:46:27+00:00,Sad news to hear the Queen is poorly.  Sending Her Majesty good wishes and positivity.
125,2022-09-08 11:57:10+00:00,how long are they going to Weekend at Bernie's Her Majesty until they finally tell us she died?
126,2022-09-08 06:14:15+00:00,Rest in peace to the coolest internet cat ever ğŸ¥º https://t.co/r7MRxjLCOC
127,2022-09-08 06:02:35+00:00,@DavidAArnold It was an Honor to Witness you on stage this Past weekendâ€¼ï¸ it was even more of an honor Meeting and laughing about comedy â€¼ï¸ this is unbelievable RIP KING #DavidArnold ğŸ™ğŸ’¨
128,2022-09-08 02:12:17+00:00,"Itâ€™s always funny when you smell death, it never smells how you think it should"
129,2022-09-08 00:29:55+00:00,THIS WEEK! Fri: Mortified; Fri: Real House; Fri: Pink Turns Blue; Sat: Lady Faith; Sat: Secret Psychedelica: Virgo 2022; Sun: The Fall Kick Off; Mon: Death Guild + Hubba https://t.co/sfIqq5v3CX https://t.co/kouYB5a6sx
0,2022-09-09 23:12:00+00:00,Another Queen (of tv interviewing) has left us.. RIP Mavis Nicholson ğŸ’• https://t.co/K2wOqheOCm
1,2022-09-09 23:09:29+00:00,This is sad news. Fancy choosing the same day as the Queen! I like her style though. Her Kenneth Williams interview from mid 70s is joyous. RIP tv legend Mavis x https://t.co/NKxulpooe8
2,2022-09-09 22:18:13+00:00,"Rip the queen, she never made it to see avatar 2 ğŸ˜” never made it to see that hairlussy https://t.co/zwykIwoNzx"
3,2022-09-09 21:56:50+00:00,Possibly the best and funniest notification I could have ever gotten from TMZ. I'd love them to beat this headline ğŸ¤£ #trishapaytas #QueenElizabeth #AbolishTheMonarchy https://t.co/0lDnba9Nld
4,2022-09-09 21:31:39+00:00,RIP Tre https://t.co/xCclp3evKd
5,2022-09-09 19:26:14+00:00,May they Rest In Peace ğŸ˜… Can you guys help me get to 200K? Just follow me on TikTok by clicking the link below! ğŸŒ¹ So close!! https://t.co/xic7kzb3HAâ€¢ â€¢ â€¢ â€¢ â€¢ #music #pop #singer #dj #song #musician #husbandandwife #top40 #hits #fyp #tiktok #popular #latesthits https://t.co/f2PfkpQbNe
6,2022-09-09 19:23:02+00:00,â€œKing Charles III addressed the UK following Queen Elizabeth IIâ€™s deathâ€ https://t.co/TAHwwyCkw0
7,2022-09-09 18:12:00+00:00,@uSAYbFLOW u just gotta do a wall of death at ur next set and all will be forgiven
8,2022-09-09 16:23:24+00:00,@JanetJackson God Bless the Queen ğŸ‘‘ âš˜ï¸ May You Rip ğŸ™ğŸ¼ â˜€ï¸ https://t.co/kzGDEBjrqD
9,2022-09-09 16:08:58+00:00,"With the passing of the longest-reigning British Monarch, Cary recounts meeting former Prince Charles - Now King Charles III. #Kingcharles #QueenElizabeth https://t.co/g1cqy1XAVh"
10,2022-09-09 10:34:01+00:00,"R.I.P her majesty Queen Elizabeth II. Incredible reign by a much loved monarch a shining example to the world and us all, God save the King @johncampbellmacofficial #ripqueenelizabeth #godsavetheking #uk #proud https://t.co/Zs87Tv3IzM"
11,2022-09-09 09:17:22+00:00,RIPğŸ™ğŸ½Prayers for the familyâ€¦ https://t.co/WX7rVnsUf3
12,2022-09-09 09:08:04+00:00,Ion wish death on nobody
13,2022-09-09 08:01:31+00:00,"My favorite portrait of HM #QueenElizabethII A woman to be admired with deep respect.Condolences to friends in the UK,the commonwealths &amp; all who mourn the death of an extraordinary woman &amp; Queen.May her memory be a blessing to all who loved her near &amp; afar. Fly w/the angels https://t.co/T7nawymkPQ"
14,2022-09-09 07:48:58+00:00,"Deeply saddened by the passing of Her Majesty Queen Elizabeth II, a beloved Queen for many people.I wish to extend my heartfelt condolences to the royal family, the people, and the government of the United Kingdom. https://t.co/maiFxLNNpR"
15,2022-09-09 06:32:49+00:00,"""I'm in Heaven... I get carried awayI dream of him and meAnd how it's gonna be...""Ä°ngiltere Queen Elizabeth RIP#queenelizabeth@quuenelizabth @ Los Angeles, California. https://t.co/bXXGzzIx0o"
16,2022-09-09 06:13:57+00:00,Rip to a legend !!!! lead singer of Los enanitos verdes ğŸ˜¢ğŸ˜¢ğŸ˜¢ğŸ˜¢ğŸ˜¢
17,2022-09-09 05:44:25+00:00,"God Bless the Queen may your soul rest in peace @ Los Angeles, California https://t.co/XsKoXWQLu2"
18,2022-09-09 05:29:32+00:00,"R.I.P her majesty the Queen Elizabeth II. Incredible reign by a much loved monarch a shining example to the world and is all, His save the King @johncampbellgroup #ripqueenelizabeth #godsavetheking #uk https://t.co/ks2USiCaWN"
19,2022-09-09 05:10:47+00:00,Yall knew I had moved to atl so this venue wasnt particularly my scene. Then covid. But comin back. Last time I was here was this. ğŸ˜ª rip nip https://t.co/SZ4ncHA3Sp
20,2022-09-09 05:06:48+00:00,@maryellenonetsy @PatrickQuinnTV @Cernovich @cbs46 It will never be enough. The sheer brutality and cruelty of the police will ensure they never rest in peace.
21,2022-09-09 05:01:43+00:00,"Gosh guys like, Iâ€™m not into the Queen death memes. Tacky. Guess Iâ€™m old."
22,2022-09-09 05:00:26+00:00,@maenad_as_hell @WomenForhydrox1 Also hemorrhagic fever has a death rate of up to 90%
23,2022-09-09 05:00:09+00:00,Rest In Peace Queen Elizabeth II
24,2022-09-09 04:50:57+00:00,"If you care about the dignity of someone whoâ€™s recently passed, someone who has a family reading this, someone who deserves honor after death and doesnâ€™t deserve to be bad-mouthed, then you agree, you think the US &amp; UK should stop supplying arms for the Saudi invasion of Yemen. https://t.co/yjQd7W256d"
25,2022-09-09 04:47:17+00:00,"@Destopia It was pretty strange for me to see all the news outlets going on and on about this royal family. Those were some of the same outlets who speak of American freedoms, democracy, etc."
26,2022-09-09 04:45:48+00:00,@Irockyrock1 Won't honor her nor celebrate her death.
27,2022-09-09 04:44:09+00:00,Yâ€™all. This is the official Royal Family IG. Did someone not think to delete the photo of bitches DIGGING?!? This is sending me â˜ ï¸â˜ ï¸â˜ ï¸ https://t.co/ZvVaPbdmtM
28,2022-09-09 04:43:35+00:00,"On HER Majestyâ€™s Secret Service, indeed, Mr. Bond. Lovely tribute, George! ğŸ‘‘ğŸ‘‘7ï¸âƒ£ https://t.co/sT694QWOXl"
29,2022-09-09 04:39:41+00:00,The Death Eaters are so good! https://t.co/wxo9seqEYE
30,2022-09-09 04:37:26+00:00,"...for about ~18 months of real-world time. He hired an assassin to fake his death, but not until he told the PCs he'd found the location of a powerful artifact. The PCs snuck into the location &amp; a fight ensued. In the middle of the fight, the Rogue guy appeared!... (2/x)"
31,2022-09-09 04:36:40+00:00,Los Angeles City Hall is lit up in red &amp; blue in honor of #QueenElizabeth #Losangeles #England #Britain #news #helicopter #aviation @pollardaviation @NBCLA https://t.co/o26mgyIMDm
32,2022-09-09 04:28:31+00:00,RIP Your Majesty https://t.co/uPjJqEFh8R
33,2022-09-09 04:24:37+00:00,My man about to get that death penalty https://t.co/pHA0dRJ18f
34,2022-09-09 04:22:00+00:00,"Queen Elizabeth II sent her first email on March 26, 1976. RIP#uselessknowledge #funfacts #trivia #queenelizabeth #rip #email #buckinghampalace @ Beverly Hills, California https://t.co/Bn0gLifsWu"
35,2022-09-09 04:14:43+00:00,@uche_blackstock @rmlwriting Forcing Stockholm syndrome on folks is disgusting. These folks have done repulsive things and yet folks are trying to force the oppressed to mourn an oppressorâ€™s death.  HELL NO NOT TODAY NOT EVER.
36,2022-09-09 04:02:06+00:00,The death eaters are out tonight! #UniversalHHN https://t.co/GTjDwZsg8Y
37,2022-09-09 03:48:45+00:00,Yâ€™all donâ€™t think these jokes about the queens death is weird?? Like thatâ€™s weird as fuck
38,2022-09-09 03:36:04+00:00,My wife and I were lucky enough to be at the 20th Century Fox dinner with the Queen in 1983 &amp; we will never forget the special music she ordered for us at the changing of the guard in 1981.She tonight is RIP..
39,2022-09-09 03:31:45+00:00,#QueenElizabeth #RIPBOZO  Iâ€™m sure someone did this but I ainâ€™t seen it yet â€¦. Ainâ€™t no way yâ€™all had that rip hashtag trending on top when i typed â€œrâ€ ğŸ˜­ğŸ˜­ğŸ˜­
40,2022-09-09 03:19:59+00:00,Twitter is the only place where you turn death into a roast partyğŸ˜­ these Queen Elizabeth tweets wild ğŸ¤£
41,2022-09-09 03:18:38+00:00,RIP to the queen I loved Super Bass :(
42,2022-09-09 03:17:28+00:00,If you would have asked me this afternoon who was gonna have a better day the Queen of England or #MattStafford? I would have paid good money on Stafford. #QueenElizabeth #NFLKickoff2022 #LARams #Bills
43,2022-09-09 03:11:52+00:00,@khloekardashian lol you got a black daughter and a black son maâ€™am. How can you wish her to Rest In Peace?
44,2022-09-09 03:04:40+00:00,RIP Queen Elizabeth ğŸ™
45,2022-09-09 03:02:22+00:00,Queen of England getting all the smoke rn ğŸ˜‚
46,2022-09-09 03:02:18+00:00,"Rest In Peace, David Arnold. This sure does hurt. ğŸ™ğŸ½ğŸ’œ https://t.co/vFDdQhF50y"
47,2022-09-09 03:00:12+00:00,So quick update: Apparently The Weeknd After Hours Bars is only available to RIP guests and guests that bought they after 2pm tickets. #UniversalHHN #HHN2022
48,2022-09-09 02:59:35+00:00,"As a half British company, one of our CEOs was born and raised in the U.K. Growing up in a country ruled by a woman instilled some subconscious girl power. RIP to a legend and icon for five generations of women. https://t.co/k9yi9WelB3"
49,2022-09-09 02:56:27+00:00,"when I live off the government, dodge taxes and spend family money they say Iâ€™m a waste, but when she does it they say Her Majesty"
50,2022-09-09 02:54:22+00:00,@theleanover god i hope so. heâ€™s my fave!! RIP king.
51,2022-09-09 02:54:00+00:00,"First stop is Hogsmeade because, for the first time ever, guests can meet the Death Eaters in Universal Studios Hollywood. And they actually have a fun walkthrough here! https://t.co/IO542is0iy"
52,2022-09-09 02:33:46+00:00,Nooo RIP ğŸ˜©ğŸ˜© https://t.co/xCS5iLH2uT
53,2022-09-09 02:24:47+00:00,RIP to a legend ğŸ’” https://t.co/M7tuNNiERq
54,2022-09-09 02:21:38+00:00,"My PSAs of the day:1. No, Scotland ğŸ´ó §ó ¢ó ³ó £ó ´ó ¿ is not the â€œsame thingâ€ as England ğŸ´ó §ó ¢ó ¥ó ®ó §ó ¿2. England =/= The UK ğŸ‡¬ğŸ‡§3. Though the intention is pure, you do not need to give me your condolences ğŸ˜†"
55,2022-09-09 02:16:37+00:00,"My British Grandma has major dementia so she hears about the Queens death and cryâ€™s then 5 min later forgets and goes through it again, honestly fuck the Queen for that lmao"
56,2022-09-09 02:14:35+00:00,Do It To Death by Panic at the Disco is out now! ğŸ”¥â¤ï¸I should get a background acting award haha. https://t.co/3RSICQkLWG
57,2022-09-09 02:07:30+00:00,Too bad the motherland is all â€œrest in peace your majestyâ€ like weâ€™re not dealing with immense generational trauma from the Partition. https://t.co/CiedPN6mLA
58,2022-09-09 01:48:32+00:00,I think the importance of the Queen of England overall is more of something British people can hang their hats on and her impact is essentially nothing. I also think Black Twitter shitting on her death when a lot of their Queen is Lizzo is hilarious though too
59,2022-09-09 01:42:23+00:00,Rest in peace.  A force in modern British history.  We shan't see her likes again. https://t.co/Zky3pi33tX
60,2022-09-09 01:42:13+00:00,Rip to Marciano Cantero lead singer of los enanitos verdes.
61,2022-09-09 01:41:39+00:00,"RIP Queen Elizabeth Iâ€™ve forever been fascinated by the unique monarchy of the UK. So much so that one of my first NFTs ever was of the Queen! She was impactful, the epitome of class, and led a long fruitful life. ğŸ™ğŸ»#NewNFTProfilePic NFT by @thepxlportraits https://t.co/ggrYzrLszh"
62,2022-09-09 01:36:46+00:00,Did anyone else think of Anthony Ray Hinton today? The wrongly imprisoned man on death row who wrote a best selling novel &amp; inspired a movie? He used to imagine the Queen of England was his bestie &amp; they had tea together bc he thought the palace seemed like a prison too.
63,2022-09-09 01:34:19+00:00,Queen Elizabeth death extra asf just bury the dinosaur already
64,2022-09-09 01:29:43+00:00,Pick and rip I see you hill
65,2022-09-09 01:29:34+00:00,@WhiteHouse @anukhela Touched by so many kind messages from friends and family  here in Los Angeles for our beloved Queen.Thank you. Proud Memories never to be forgotten on the day l was presented to Her Majesty will remain with me forever.Deeply deeply saddened. https://t.co/giHbOYCdwP
66,2022-09-09 01:25:42+00:00,"@sundog0930 Sending love to you, brother. May your dear Mother rest in peace."
67,2022-09-09 01:18:54+00:00,"I have had this dollar bill with me for over 50 years. Itâ€™s a reminder of my birthplace. May her Majesty rest in peace. #royalfamily #theroyalfamily #hermajestythequeen @theroyalfamily @ Los Angeles, California https://t.co/n7NOK0jYe9"
68,2022-09-09 01:16:52+00:00,The Queenâ€™s death has â€œThe Clintonâ€™s/Epsteinâ€written all over it.
69,2022-09-09 01:14:54+00:00,@PiyushGoyal expresses condolences over death of #QueenElizabeth https://t.co/fz7j8E7aVY
70,2022-09-09 01:14:33+00:00,Wow. I played myself. New #LOTR isnâ€™t till 9:00pm. RIP me. â˜ ï¸â˜ ï¸â˜ ï¸
71,2022-09-09 01:05:29+00:00,The atrocities put upon us people of color by the United Kingdom are great but I still say rest in peace Queenie. https://t.co/ynQJL5XhFh
72,2022-09-09 00:59:41+00:00,Matt Stafford doesnâ€™t know the difference between a New England IPA and a West Coast IPA @Frank_TheBaker
73,2022-09-09 00:55:56+00:00,"@MinervaBlex Neil Gaiman helped choose a talented black actress to play Death. As a result, every racist blames him every time a person of color is cast in a role that racists think should be played by a white person. This includes characters who belong to nonexistent fantasy races."
74,2022-09-09 00:55:21+00:00,I've never been in a house with crossed swords over the fireplace. But I've never been to England.  #DriveInMob
75,2022-09-09 00:52:30+00:00,"Watching ""Walker"" by Alex Cox on @criterionchannl right now. What an incredible film. I love Cox's films, esp ""Repo Man"", ""Sid &amp; Nancy"" and ""Death and the Compass"", but this might very well be his ultimate masterpiece. Check this film out if you've never seen it. Amazing stuff."
76,2022-09-09 00:43:44+00:00,"ok now that Her Majesty is gone, can we indians get our diamond back"
77,2022-09-09 00:42:12+00:00,Boutta put RIP Lizzy in my bio and argue with niggas on Twitter fr
78,2022-09-09 00:42:03+00:00,Queen Elizabeth has been a great monarch. Rest in Peace and eternal rest grant unto. https://t.co/upvJPKdF8B
79,2022-09-09 00:39:17+00:00,Queen Rest In Peace #QueenElizabeth
80,2022-09-09 00:39:07+00:00,How do I make the death of Her Majesty the Queen about meâ€¦
81,2022-09-09 00:38:29+00:00,"Rest In Peace, Queen Elizabeth II. https://t.co/jxrmNO4zOS"
82,2022-09-09 00:36:38+00:00,"Taxes, death, and cooper kupp always being open."
83,2022-09-09 00:25:15+00:00,"US &amp; UK officials alike are mourning the death of Queen Elizabeth today, while neither seem to give a rats ass about the hundreds of thousands of Yemenis killed by Saudi Arabia via support and arms ($) from the US &amp; UK.Millions more are starving at this very moment."
84,2022-09-09 00:24:03+00:00,RIP May god be with everyone on this difficult day &amp; all who loved the Queen. This is a sad day in history â¤ï¸ğŸ™ An end to an era of dignity &amp; grace. https://t.co/lLC9n4jP0D
85,2022-09-09 00:23:41+00:00,rest in peace â€œderry girlsâ€ you wouldâ€™ve loved this
86,2022-09-09 00:22:23+00:00,Do you also feel what Iâ€™m feeling these days?Does it feel like thereâ€™s darkness all around us?Is there a lot of death happening among us?Or is this more normal than I think?The Danny Morrison Show.9pm-Midnight.KBLA Talk 1580.#TheDannyMorrisonShow #kbla1580 https://t.co/RmfcKYUr7e
87,2022-09-09 00:22:00+00:00,Lots of black celebrities letting the race down with the RIP Queen tweets.
88,2022-09-09 00:13:59+00:00,Her Majestyâ€™s A Pretty Nice Girl ğŸµ https://t.co/ZZZjOkE3GC
89,2022-09-09 00:13:30+00:00,Rip thin lizzy
90,2022-09-09 00:11:53+00:00,"Cheers. Happy birthday Erick, RIP queen Elizabeth, and RIP 3 year relationship who I thought I was gonna marry https://t.co/G6ejXPdHSr"
91,2022-09-09 00:09:04+00:00,"So, will there be a new Prince of Wales? Is that always given to the future King of England? William is the Duke of Cambridge and a Prince but not a Prince of anywhere particular (other than the UK) as far I can tell. Confusion abounds."
92,2022-09-09 00:07:03+00:00,Remembering - Queen Elizabeth II 1926 - 2022. Prayers to all that loved her and The Royal Family ğŸ™ https://t.co/RQCrMd5qPO
93,2022-09-09 00:02:55+00:00,I've really been making progress on getting my C++ fork of GNU bash to actually build. I haven't been able to test it since I decided to rip out the guts for the major renovations that I spent all of August working on. Now I'm doing 4-8 git pushes a day. https://t.co/IX9wFwzt3m
94,2022-09-09 00:02:01+00:00,A moment of silence #rip #QueenElizabeth ğŸ™ https://t.co/rCi5ivCLwF
95,2022-09-09 00:00:57+00:00,"@CarloDallapicc1 @danarodrigues EXACTLY ğŸ’¯. We have better variant and lots of immunity. It helps with ICU risk or death. Thats it. The hospitalizations always grow with new Omi wave, but ICU does not. Ppl get surprised that with 3 or 4 vax...the course is *not* asymptomatic."
96,2022-09-09 00:00:55+00:00,Twitter is reckless when it comes to a famous personâ€™s death ğŸ˜­
97,2022-09-08 23:58:37+00:00,@RockstarGames Rest In Peace Queen
98,2022-09-08 23:47:38+00:00,â€œOk I found the best tweet about the Queens death so farâ€¦â€ but said every 30 min.
99,2022-09-08 23:36:52+00:00,#rip anyways whatâ€™re we having for dinner today https://t.co/tziOXuIIA5
100,2022-09-08 23:33:31+00:00,"Donâ€™t even test me Iâ€™ll buy a flight rn and fight to the death for these corgis, any corgi in reality https://t.co/vgM2r6aDng"
101,2022-09-08 23:32:10+00:00,"God Save the Queen de Sex Pistols , Her Majesty de The Beatles y The Queen is Dead de The Smiths ğŸ‘¸ğŸ» ğŸ˜Œ https://t.co/BcoPuurPKV"
102,2022-09-08 23:24:45+00:00,"@Chinedu_KoNe @solidlikeogun @jeffdz40 â€¦ and will burn eternally. Iâ€™d prefer a peaceful rest over a peaceful death, me. ğŸ˜Œ https://t.co/oRlVUY2ujv"
103,2022-09-08 23:24:41+00:00,Gonna keep it 100 yâ€™all I onLy learned the royal family Was horrible ğŸ¤” cause of people on twitter past few years like the hatred didnâ€™t know it!And yes i understand colonialism Just like I apply that to a bunch of you people gonna be honest ğŸ¤·ğŸ¾â€â™‚ï¸Could be a district attorney
104,2022-09-08 23:18:35+00:00,"You did good, rest in peace Liz ğŸ’œ https://t.co/Q3NdN8lqEG"
105,2022-09-08 23:10:28+00:00,Anyone with respect for tradition and the beauty it can embody must be saddened at the Queenâ€™s passing. Rest In Peace.
106,2022-09-08 23:09:38+00:00,RIP Princess Diana
107,2022-09-08 23:08:14+00:00,God Bless the Queen ğŸ‘‘ âš˜ï¸ May You Rip ğŸ™ğŸ¼â˜€ï¸
108,2022-09-08 22:49:32+00:00,RIP to the real queen https://t.co/43k6oZ9ORI
109,2022-09-08 22:48:46+00:00,"@MsPackyetti @NuclearAnthro The Queen of England has no real power, you know. The prime ministers, over this era, decided the colonies were going to be released. The world changed after WWII. It has a tiny number of friends in the Commonwealth, thatâ€™s it."
110,2022-09-08 22:46:04+00:00,@Michigrimk King of England?
111,2022-09-08 22:44:43+00:00,When the Queenâ€™s death serves as free promo for Viola Davisâ€™ upcoming movie The Woman King https://t.co/xKvTqYBo49
112,2022-09-08 22:39:36+00:00,Republicans @LeaderMcConnell push national Rape and incest abortion freedom statute through if they want to avoid democrats forcing the liberal version of namny state on us!Life and death issues not goverments business!Leave morality and health of children to individuals!
113,2022-09-08 22:33:14+00:00,Queens death is another one of the reasons i keep myself alive Like Iâ€™d go down the dark path you might not see me ğŸ¤´ğŸ¾i could never let the opps celebrate this early Store that hate up Want to take a full look at a life Better keep your memory working dickhead
114,2022-09-08 22:29:59+00:00,"On the news of #QueenElizabethIIâ€™s death, if youâ€™ve never watched #TheKingsSpeech itâ€™s a noteworthy project-Colin Firth winning the Oscar for his portrayal of her Father, the King,.The most sullied narrative in Englandâ€™s monarchy since Anne Boleyn?"
115,2022-09-08 22:29:41+00:00,Fuck the entire royal family https://t.co/FFIvKHze8t
116,2022-09-08 22:22:18+00:00,Where do i apply to be the next Queen of England?
117,2022-09-08 22:19:55+00:00,@davidmackau That is a genius story !!! RIP QUEEN!!!
118,2022-09-08 22:13:07+00:00,Saddened by the news that Her Royal Highness  #QueenElizabeth has passed away today in #England. Saluting her decades of service. @MickJagger @trevorsewell @nanachurcher @EricClapton @PhilCollinsFeed @OfficialSting @leonalewis @jeffbeckmusic https://t.co/Q1almXcr1e
119,2022-09-08 22:07:44+00:00,RIP Queen Elizabeth
120,2022-09-08 22:07:02+00:00,May they BOTH Rest In Peace âœ¨ğŸ’Follow me on TikTok by clicking the link below! ğŸ¥°âœ¨https://t.co/xic7kzb3HAâ€¢ â€¢ â€¢ â€¢ â€¢ #music #pop #singer #dj #song #musician #husbandandwife #top40 #hits #fyp #tiktok #popular #latesthits https://t.co/EFaBkAUKod
121,2022-09-08 22:06:39+00:00,"@chica_sexc Bless up , you became the new queen of England ? Dammmmmmn look at you"
122,2022-09-08 22:05:59+00:00,"To my British friends, I feel your pain deeply. She is in my heart and in the hearts of millions around the world tonight. The true definition of Majesty. #RIPQueenElizabethII"
123,2022-09-08 22:05:53+00:00,Long Live His Majesty King Charles IIISending my prayers to the @RoyalFamily #restinpeaceQueenElizabeth
124,2022-09-08 22:02:42+00:00,"@cettedrucks @AnnaSulan also i loved learning to appreciate completely different personalities from one pet to another. my two successive cats were/are also that way. they're real life lessons in acceptance. rest in peace, rosie p &amp; rufus (who also passed during the pandemic)"
125,2022-09-08 22:01:15+00:00,Not some of yâ€™all mourning the Queens death ğŸ¤£ğŸ¤£ğŸ¤£
126,2022-09-08 21:57:27+00:00,rest in peace your majestyğŸ™#Corgi #QueenElizabeth https://t.co/XZKtckFv6Z
127,2022-09-08 21:55:43+00:00,RIP Queen Elizabeth. https://t.co/8CLYxmhT08
128,2022-09-08 21:53:06+00:00,"GREAT COMIC AND PERSON!! FINALLY WAS GETTING HIS SHINEâ€¦GONE TOO SOON!! YOU WILL BE MISSED DAVID, RIP ğŸ’”ğŸ™ğŸ¾ #thedavidaarnold @ Los Angeles, California https://t.co/QcF6x4aO5S"
129,2022-09-08 21:51:30+00:00,@SpinelessOyster @DisneyDragon The queen of England died today
130,2022-09-08 21:50:54+00:00,"Itâ€™s hard to know exactly what to say, but HM Queen Elizabeth II has been an unwavering figure in British culture. Especially so in the turmoil of recent times. In her 70 year reign she has seen incredible changes in our country and in our world with grace. Rest in peace maâ€™am."
131,2022-09-08 21:50:48+00:00,She was one of the profound icons of an era. She truly transcended her Queenship. My condolences to the royal family. ğŸ˜¥#QueenElizabeth #QueenElizabethII #queen https://t.co/eNUggJM6Mr
132,2022-09-08 21:46:53+00:00,RIP The Queenâ€¦ she would have loved to see the Bills/Rams game tonight
133,2022-09-08 21:46:04+00:00,Her Majesty (Remastered 2009) https://t.co/M2mnzZ3Ex0 via @YouTube
134,2022-09-08 21:45:42+00:00,"Post-Traumatic ThrivingÂ co-host @tanyabrown1 The 1994 death of Tanya's sister Nicole Brown Simpson generated a media frenzy around O.J. Simpson. When facing trauma Tanya said, ""You need to ask for help.""https://t.co/FV0K1jlDdv"
135,2022-09-08 21:45:12+00:00,Idgaf about the queen of England .
136,2022-09-08 21:37:49+00:00,What do you mean we canâ€™t elect Ozzy king of England now?
137,2022-09-08 21:32:01+00:00,"Although there is no direct lineage connection between Henry V, and Queen Elizabeth II, The King (2019) on @netflix is a wonderful film that showcases the challenges faced by young royals suddenly thrust onto the throne.RIP QEII. #TimothÃ©eChalamet https://t.co/mZKafRdBkU"
138,2022-09-08 21:28:21+00:00,@Rigger965 She is our Queen we all are a royal family now thanks to Elrond dare to believe https://t.co/nqk5bgtTfs
139,2022-09-08 21:26:19+00:00,Rip Betty white https://t.co/a6QbULHCuC
140,2022-09-08 21:26:18+00:00,Has someone reported how long the standing ovation was after they announced the death of #QueenElizabethII?
141,2022-09-08 21:23:35+00:00,Not to take away from Queen Elizabethâ€™s death but Iâ€™m fuxking hot
142,2022-09-08 21:22:48+00:00,"A beautiful sunset ğŸŒ… over Buckingham Palace London, England ğŸ´ó §ó ¢ó ¥ó ®ó §ó ¿ #picofthenight #picoftheday #photography #queenelizabeth #buckinghampalace #westminister #london #england #sunset #clouds #sky #beautiful #view #travel #tourist #beautifuldestinations https://t.co/w0eR8YICFd"
143,2022-09-08 21:22:22+00:00,I should have brought back with me some Canadian bills!!â¤ï¸ğŸ‡¨ğŸ‡¦ğŸ‡¬ğŸ‡§. RIP Queen Elizabeth II
144,2022-09-08 21:21:56+00:00,"@YNB I think it really points how to a SYSTEM can be racist and terrible, but individual people within it may be trying their best. Like Diana, like Harry, and the Queen. I am sad for her death, &amp; at the same time, hope the English monarchy doesn't take long to follow her."
145,2022-09-08 21:20:02+00:00,"There will be a national mourning period of 12 days and no comedies played on Television in England per the Queen her self, drafted by her before her death.Just as I have said for myself, there will be no mention of god or religion or any praying at my funeral. Periodt!"
146,2022-09-08 21:19:25+00:00,@melissa43517265 @YouTube AMENWondering whether prince Philip will be inauguratedKing sitting over that stoneAs the tradition of all previous kings of England and Scotland have doneOr Will he modernize the coronation&amp;neglect the rich tradition as well As pledging protection of the faith(Christianity)
147,2022-09-08 21:17:46+00:00,"If you live in the US and youâ€™re not that familiar with the Royal Family, you might want to stop googling Queen Elizabeth and screenshooting the first pic you think is her, younger. Some of you are posting pictures of the Queen Mother (her mother) and you donâ€™t even know it. https://t.co/dpTp8jbw0X"
148,2022-09-08 21:14:08+00:00,they keep calling charles â€œhis majesty the queenâ€ which sounds like a lost EP by the smiths that came after â€œthe queen is deadâ€ (or just what morrisey asks ppl to call him in bed)
149,2022-09-08 21:13:44+00:00,"RIP your majestyâ€¦ The Queen is dead, Long live the King @ Los Angeles, California https://t.co/TXMOzPLi1G"
150,2022-09-08 21:09:13+00:00,Not @beanhive ordering a pizza at 10pm England time while we are on video chat. Guess who ordered a pizza at 2pm LA time ğŸ¤·â€â™€ï¸
151,2022-09-08 21:08:48+00:00,these tweets about the queenâ€™s death are so outta pocketâ€¦ keep them comingğŸ˜­ğŸ˜‚
152,2022-09-08 21:04:31+00:00,"#1 on LightShed's 11 Topics Coming Out of Summer 2022Linear TV Death Spiral -- As the quality and breadth of programming on linear TV diminishes, it should come as no surprise that cord-cutting has accelerated. https://t.co/v9PM8nhGii"
153,2022-09-08 21:03:20+00:00,Yâ€™all really manifested Queen Elizabethâ€™s death and reincarnation as Trishaâ€™s babyğŸ˜­ https://t.co/7zuPQJUNVL
154,2022-09-08 21:02:04+00:00,"sorry I know weâ€™re all RIP about the Queen or whatever, but Iâ€™m catching up on #RHODubai and not a goat funeral on the finale â˜ ï¸ at least the queen can go be with Ms. Goat now ğŸ’•"
155,2022-09-08 21:01:45+00:00,R.I.P. to her Majesty. ğŸŒ¹ https://t.co/haTkkRArVs
156,2022-09-08 21:00:38+00:00,Rest In Peace to Her Majesty Queen Elizabeth.. 96 years of life ğŸ¤
157,2022-09-08 20:59:40+00:00,It could be said that completely letting go seems to be difficult for us in good health whereas when near death we might find we have the opposite problem - holding on is difficult
158,2022-09-08 20:59:27+00:00,#FLOWERS FOR #ENGLAND AND THE PASSING OF HER #QUEEN #ELIZABETH_II .Our condolences for the loss of #QueenElizabethII ğŸŒ»ğŸŒ»ğŸŒ»ğŸŒ»ğŸŒ» https://t.co/9knGuGGhS3
159,2022-09-08 20:58:34+00:00,"we hate england this much, fuck all of them https://t.co/oJe4EfJV4C"
160,2022-09-08 20:58:23+00:00,RIP to the Queen ğŸ˜¢ https://t.co/Id7cq09j5p
161,2022-09-08 20:56:04+00:00,I should be boarding a plane to England right about now. Never wanted to go there except to witness this haha and the euro is down!!!
162,2022-09-08 20:49:21+00:00,RIP @ Venice Underground Comedy https://t.co/eBUwxip5CV
163,2022-09-08 20:46:08+00:00,Charles pretending to be devastated by Lizzieâ€™s death https://t.co/o7cWPdwMbF
164,2022-09-08 20:45:56+00:00,halloween horror nights starts tonight and everyoneâ€™s talking about the queens death??? ğŸ˜©
165,2022-09-08 20:45:43+00:00,I know shit about the royal family but I have seen The Lion King so 1 thing I know forsure is that nothing good ever comes after being dethroned due to a sudden death. Rip Queen Elizabeth II
166,2022-09-08 20:44:04+00:00,@theh3podcast Rip to the goat
167,2022-09-08 20:43:48+00:00,At the time of her death there was a double rainbow appearing  outside of Buckinham Palace. Rest in peace your majesty https://t.co/5K2RhEWgHa
168,2022-09-08 20:38:10+00:00,Just Jaeckinâ€™s films were both artistic &amp; cheesy but EMMANUELLE was an international phenomenon in the mid 1970s &amp; that &amp; his later films became staples of pay cable in the 1980s bringing spicy entertaining European erotica to American ğŸ“º RIP https://t.co/xmXAkyIBK4
169,2022-09-08 20:33:07+00:00,Prayers to the Royal Family ğŸ™ğŸ¾RIP Queen Elizabeth!!! https://t.co/5l6Xj2WTDd
170,2022-09-08 20:21:58+00:00,Rest In Peace Her Majesty Queen Elizabeth II! ğŸ™ğŸ¼ https://t.co/FpyvlKYMPV
171,2022-09-08 20:21:05+00:00,"Englandâ€™s greatest monarch was a woman, but no matter how great, it will still only be possible to have another ruling Queen under absurd circumstances. Men still come first, a reminder of how unearned the pageantry all is. Their money &amp; power are quite real regardless."
172,2022-09-08 20:20:06+00:00,"@YoDanno @YoDanno When I dropped off my daughter this morning, we talked about how the Queen was under medical watch. By the time I picked her up, the Queen had passed. I was thinking how most people alive right now have never known another Monarch of England."
173,2022-09-08 20:18:25+00:00,"I literally want to set myself on fire by all the fucking Indians I know calling her â€œyour majestyâ€ or â€œso sorry, maâ€™amâ€."
174,2022-09-08 20:14:02+00:00,So whoâ€™s the new fake leader of England?
175,2022-09-08 20:09:44+00:00,"This is so wild considering the reason Elizabeth became Queen.Iâ€™m glad England has gotten over their foolishness regarding divorce. Divorce is essential for human freedom, for the health &amp; safety of women especially, and is an important part of a functioning free society. https://t.co/CzD6QosP6W"
176,2022-09-08 20:06:39+00:00,@TomAandTom1 Megan has my respect for refusing to visit the racist monster before her death.
177,2022-09-08 20:05:56+00:00,They somehow know before she died and they grieve after her majesty ğŸ‘‘was gone. ğŸ’”ğŸ’”ğŸ’”ğŸ’”ğŸ’”ğŸ’”ğŸ’” https://t.co/HOnEapV3vf
178,2022-09-08 20:05:00+00:00,These Queen memes are hilarious! I didnâ€™t realize Americans hated the Royal family this much ğŸ’€
179,2022-09-08 20:02:11+00:00,The hierarchy of power in the royal family is about to change. https://t.co/BqCgpt7Fco
180,2022-09-08 20:01:34+00:00,"Despite the colonial injustices perpetrated by the British Monarchy against Indigenous people, I would still like to wish her majesty Queen Elizabeth II â€” a blessed journey."
181,2022-09-08 20:01:06+00:00,"So is there a highlander somewhere absorbing Elizabeth's power rn? More importantly, does the royal family's (stolen) wealth either get returned to original owners or divided among the British people currently suffering?"
182,2022-09-08 20:00:32+00:00,"RIP queen , you wouldâ€™ve loved AG7"
183,2022-09-08 19:57:35+00:00,"@KensingtonRoyal I cannot hold a ""stiff upper lip"" here in the USA. Thank your your Majesty Queen Elizabeth for your humility and strength. I am sure King George was waiting with open arms to be with you again."
184,2022-09-08 19:55:56+00:00,Donâ€™t let the Queenâ€™s death overshadow the fact that the President of Kenya made Homosexuality illegal. Focus on living evil.
185,2022-09-08 19:53:55+00:00,"RIPWhat an amazing, stable leader over so many decades full of massive change. https://t.co/KRl3KoDvak"
186,2022-09-08 19:47:54+00:00,Her Majesty Queen Elizabeth II has died at the age of 96The sporting schedule is due to be completely shut down Golfing action at the BMW PGA Championship  was suspended Discussions are currently ongoing regarding whether this weekend's football fixtures will go ahead https://t.co/CTqP4EdLOH
187,2022-09-08 19:47:05+00:00,The general lack of shock and awe around the Queens passing is curious. Itâ€™s been a background topic since the soft launch of her death with her medical complications from Covid a while ago. But I guess people donâ€™t really care about the Monarchy anymore ğŸ¤·ğŸ½â€â™€ï¸ğŸ¤·ğŸ½â€â™€ï¸ğŸ¤·ğŸ½â€â™€ï¸
188,2022-09-08 19:46:34+00:00,"The White House learns of the Queenâ€™s death in the middle of a press briefing, the press briefing ends. https://t.co/9HPQNlMDTl"
189,2022-09-08 19:46:26+00:00,"@OliviaRubinABC So, the â€œGive me fascism or give me deathâ€speech."
190,2022-09-08 19:45:52+00:00,RIP Queen ğŸ•Š https://t.co/9Bpa395j0s
191,2022-09-08 19:45:32+00:00,Jaren Draws- 15 yr Old Artist Drawing Queen Elizabeth II (Rest in Peace)... https://t.co/vrPNl0hZ9f via @YouTube
192,2022-09-08 19:44:47+00:00,Rest in Peace Queen Elizabeth II ğŸ‘‘ğŸ˜”ğŸ’”ğŸ˜­ğŸ•ŠğŸ•¯ğŸ’ğŸ¤
193,2022-09-08 19:44:10+00:00,RIP to an actual Queen
194,2022-09-08 19:41:52+00:00,Rest in Peace HRH Queen Elizabeth II #QueenElizabethII  #Monarch
195,2022-09-08 19:39:58+00:00,RIP Queen Elizabeth. #RIPQueenElizabeth
196,2022-09-08 19:38:09+00:00,"She was the pillar stone for so many years. The end of a significant era, an impressive legacy. #QueenElizabethII #RIP https://t.co/BhLMBAMy03"
197,2022-09-08 19:38:02+00:00,The end of an era. RIP Elizabeth regina. https://t.co/Ru5JbYQTE9
198,2022-09-08 19:36:27+00:00,I didn't experience real death until I layed in the hospital bed with my dad until he took his last breath and was cold .. With his hands covering me. â™¥ Something that'll live in my heart forever.
199,2022-09-08 19:32:46+00:00,Juliaâ€™s taking the queenâ€™s death pretty hard https://t.co/QFF3rVo1MX
200,2022-09-08 19:31:35+00:00,"WHAT A SAD DAY FOR HER FAMILY, OUR ENGLISH FRIENDS AND THE WORLD AT LARGE AS A TRUE ICON AND LEADER IS LOST TODAY. #RIP #HERMAJESTY #THEQUEEN #ELIZABETH https://t.co/Px10axgi3b"
201,2022-09-08 19:30:00+00:00,"@AwakeInDreams I have my own personal experience that I've gone through. Near death experience, Astral travel and visitation from extraterrestrial"
202,2022-09-08 19:28:34+00:00,"Rest in peace, Queen Elizabeth II 1926-2022 after a 70 year reign she has passed."
203,2022-09-08 19:27:58+00:00,I see mf working at city halls in California like omg what a tragic loss her majesty was such an inspiration to me and so many others in public service. Shut yo bitch ass up. You process peoples property tax payments hoe ass foo. Relax.
204,2022-09-08 19:26:15+00:00,@nayibbukele may god have her in his holy glory rest in peace her majesty queen Elizabeth ğŸ™ğŸ˜
205,2022-09-08 19:26:08+00:00,may god have her in his holy glory rest in peace her majesty queen Elizabeth ğŸ™ğŸ˜ https://t.co/VgBoXJiZrw
206,2022-09-08 19:24:26+00:00,Today is the day Princess Diana would have been Queen but the new King of England had her murked.. thatâ€™s crazy - that family history is so fucked. Fucking colonialism is gross.
207,2022-09-08 19:24:12+00:00,RIP to my queen. ğŸ˜” https://t.co/VRH84T9CbJ
208,2022-09-08 19:23:33+00:00,So sad to hear this news today.Deepest sympathies to the Royal family. https://t.co/tuGGf8errK
209,2022-09-08 19:23:30+00:00,"RIP my nigga Lizzy, I know she lookin up at us rn ğŸ™ğŸ¾"
210,2022-09-08 19:21:43+00:00,Because dying doesnâ€™t automatically make you a saint. Wtf you did alive is your legacy in your death. https://t.co/uQgOcrKVcl
211,2022-09-08 19:18:54+00:00,"BREAKING: Lincoln Riley claims he will ""not be the next coach of England""#FightOn âœŒğŸ» https://t.co/KeGoTG2kVv"
212,2022-09-08 19:15:22+00:00,"If we believe that all people are created equal, then why admire people who are supposed to be superior by birth and exercise power over others? Why admire monarchy of any kind? Why would public funds of any society support a â€œroyal familyâ€? #allpeopleequal"
213,2022-09-08 19:14:58+00:00,rip bozo
214,2022-09-08 19:13:33+00:00,Queen in every way! Rest In Peace ğŸ™ğŸ» #QueenElizabethII https://t.co/BKKbVTkvrx
215,2022-09-08 19:11:56+00:00,"Rip queen elizabeth, you wouldâ€™ve loved the mandalorian S3"
216,2022-09-08 19:11:42+00:00,The Queen diedâ€¦ Is the UK ok? Dang RIP Queen
217,2022-09-08 19:11:37+00:00,rip Queen Elizabeth thank u for bringing us printworks
218,2022-09-08 19:11:35+00:00,Bernie Shaw was the kind of smart serious fact based straight news reporter that cable news particularly has little interest in these days sadly RIP https://t.co/QYWwnIHFz6
219,2022-09-08 19:10:29+00:00,"#QueenElizabeth has passed, may she rest in peace."
220,2022-09-08 19:07:28+00:00,"She was a 96 year old woman who lived through a world war, the Cold War, presided over decolonization, dealt with family scandal, and who just lost her husband of over 75 yearsâ€¦and her death was caused by her grandsonâ€™s independent streak and his Black wife? https://t.co/Qzpedmm4mD"
221,2022-09-08 19:05:22+00:00,Meghan Markle saying the Queen hated her because she was black was such BS. We all know what happens when the Queen didnâ€™t like you. RIP Queen! ğŸ‘‘
222,2022-09-08 19:05:15+00:00,Any Americans grieving over the death of the queen should be tried for treason.You cowards makes me sick!Buncha Benedict Arnolds in my feedğŸ‡ºğŸ‡¸ğŸ‡ºğŸ‡¸ğŸ‡ºğŸ‡¸ğŸ‡ºğŸ‡¸ğŸ‡ºğŸ‡¸ğŸ‡ºğŸ‡¸ğŸ‡ºğŸ‡¸
223,2022-09-08 19:05:03+00:00,"RIP, TO THE ONE TRUE QUEEN, ğŸ‘‘ğŸ™Œ #QueenElizabeth https://t.co/P3KGdv4i8O"
224,2022-09-08 19:03:35+00:00,The new â€œCHARLES IN CHARGEâ€ re-boot looks terrible. #KingCharles https://t.co/2wmclE8yng
225,2022-09-08 19:02:30+00:00,"bro yâ€™all donâ€™t know sht about the queen of England, shut up niggasğŸ˜­ğŸ˜­"
226,2022-09-08 19:02:00+00:00,"As an indigenous American, to any American mourning the passing of the queen of England, might i just say: fuck Prince William, fuck the Queen. This is America. Now, get the fuck out my hotel room and if I see you in the street, I'm slapping the shit out of you. https://t.co/BXblqTDwYO"
227,2022-09-08 19:01:58+00:00,Moment of silence for Her Majesty Queen Elizabeth II on the stock exchange right now
228,2022-09-08 19:01:54+00:00,"Top 5 Queens of #England1. Elton John 2. Freddie Mercury 3. Boy George4. QueenElizabeth5. George Michael #queen #royalfamily #britain #buckinghampalace #godsavethequeen #rip @ Los Angeles, California https://t.co/R7sd7xCZyz"
229,2022-09-08 19:01:28+00:00,Imma tell the kids this is the new King of England https://t.co/aNnEBAbqtk
230,2022-09-08 19:00:59+00:00,"So weird that there is now a ""King of England"""
231,2022-09-08 19:00:15+00:00,"@dopplichT @DumpsterPlan @SocDoneLeft @RoyalFamily She was a monster and the people who died because of her did not receive the ceremonial funeral she's going to receive.She deserves far worse than death.But, small victories. ğŸº"
232,2022-09-08 19:00:05+00:00,"RIP QUEEN ELIZABETH II, SHEâ€™LL NEVER GET TO SEE â€˜WHAT IF?â€™ SEASON 2."
233,2022-09-08 18:58:39+00:00,The Venn Diagram of the people defending JK Rowling and the people mourning the death of the Queen is a circle.In case you're wondering who's on the right side of history here.
234,2022-09-08 18:58:19+00:00,When @007 Daniel Craig was with his Royal Majesty to aid her in the opening of the 2012 Summer Olympics #QueenElizabeth #QueenElizabethII #JamesBond #DanielCraig #Olympics https://t.co/r5FkwWFGaO
235,2022-09-08 18:57:59+00:00,@npreeko @OhDolll The entire royal family are descendants of the original colonizersâ€¦that did a global mass genocide on natives and POC. The British empire is vile.
236,2022-09-08 18:56:53+00:00,My heartfelt condolences to the people of England upon the loss of her majesty queen Elizabeth II . My thoughts are with the family and people of England. May her soul RIP
237,2022-09-08 18:55:52+00:00,How the news of Queen Elizabethâ€™s death was announced in Great Britain on the BBC and Sky News. https://t.co/vqTax4qMwA
238,2022-09-08 18:55:43+00:00,rip bozo
239,2022-09-08 18:55:39+00:00,Even in her death sheâ€™s still fucking shit up for POC lol
240,2022-09-08 18:53:18+00:00,RIP to Queen Elizabeth II. Truly a remarkable and strong woman https://t.co/d548l3qNuL
241,2022-09-08 18:53:04+00:00,Oh yâ€™all chose violence on the queens death day ğŸ«£ https://t.co/qzcA5UDkI6
242,2022-09-08 18:52:22+00:00,YASSSSSSS RIP BITCH
243,2022-09-08 18:49:49+00:00,"@landforce @TrungTPhan right according to And1 docu a complete rip off, but even they gave it props."
244,2022-09-08 18:49:30+00:00,"One of the most magical highlights in my life was being in the presence of #HerMajesty. In April 2016, I traveled to England to run @LondonMarathon. I went to Windsor Castle for the Queen's birthday walkabout. Made my way to the front and there she was. ğŸ‘‘ğŸ‘‘#QueenElizabeth https://t.co/cnnv7wjrGk"
245,2022-09-08 18:49:18+00:00,â€œhis majesty the kingâ€ https://t.co/DpXlCJYWua https://t.co/dzGGbd9Eoy
246,2022-09-08 18:47:44+00:00,The end of an era. My heart is absolutely broken for the Royal Family. https://t.co/jImmDKYJ5G
247,2022-09-08 18:47:06+00:00,yep shes dead. rip
248,2022-09-08 18:46:07+00:00,"ğŸ¶ğŸµğŸ§ğŸ’‚â€â™‚ï¸ğŸ‡¬ğŸ‡§ğŸ‘‘ğŸ§ğŸ‘‘ğŸ’‚â€â™‚ï¸ğŸ’‚â€â™‚ï¸ğŸ’‚â€â™‚ï¸ğŸ’‚â€â™‚ï¸ Congratulations King Charles of England III,.... GODSPEED!âœï¸ğŸ‡¬ğŸ‡§ğŸ“–ğŸ’ https://t.co/jBxGyY2tYY"
249,2022-09-08 18:45:11+00:00,"@sarakumartweets @RoyalFamily Unique, exceptional , devoted to duty. May your soul rest in peace beloved Queen"
250,2022-09-08 18:45:01+00:00,"compared to say an elected President or PM in the last 50 years, 10x sadder about her Majestyâ€™s passing.Her loyalty to god and country was unquestionable. Rest In Peace ğŸ«…"
251,2022-09-08 18:44:21+00:00,"RIP Queen Elizabeth. What an incredible reign. And, a true horsewoman for her entire life. https://t.co/xQWOA3eaOn"
252,2022-09-08 18:43:29+00:00,Long live the Queen - RIP Queen ElizabethğŸ•ŠğŸ‘‘ #QueenElizabeth
253,2022-09-08 18:41:10+00:00,#RIPQueen #QueenElizabeth #rip Gone way too soon :/ https://t.co/N8t3Qx2sca
254,2022-09-08 18:39:46+00:00,Nah bro if i die i dont want this many people celebrating my death ğŸ˜‚ğŸ˜‚
255,2022-09-08 18:38:50+00:00,The US fascination/obsession with the royal family has always been wild to me. Likeâ€¦ she wasnâ€™t *our* queen? Did she actually do anything?
256,2022-09-08 18:38:36+00:00,This was beautiful. May Queen Elizabeth II rest in peace. https://t.co/Ihh14HgOwE
257,2022-09-08 18:38:30+00:00,Rest In Peace Queen Elizabeth II ğŸ‘‘ https://t.co/tb1Dnt7nZU
258,2022-09-08 18:38:12+00:00,Notice how the Queen passed away a little more than a week after the 25th anniversary of Princess Dianaâ€™s death just saying https://t.co/E9ozDu6MzW
259,2022-09-08 18:37:27+00:00,"#MauMau freedom fighters under the command of Dedan Kimathi didnt have much love for the #Queen. England's long, bloody, and brutal colonial history was in full swing under the Queen. She ascended the throne the same year that the Revolution began, 1952.https://t.co/MbJL71sNKt"
260,2022-09-08 18:35:14+00:00,"King Charles of England! ğŸ‡¬ğŸ‡§ğŸ’‚â€â™‚ï¸ğŸ‘‘ğŸ§ Aside-in 1984-1985 I got to sit and chat with him in Dallas, Texas! ğŸ™‚ğŸ“–ğŸ’ Never knew a king! ğŸ¥² https://t.co/L8YMRfPdA9"
261,2022-09-08 18:35:13+00:00,"For all my fellow BIPOC posting â€œRIP queen,â€ just remember, she DFGAF about us.Queen Elizabeth was a racist, a beneficiary of slavery, a proponent of the very colonialism that tore nations apart, and remember how ethnic minorities were banned from working for herğŸ¤­"
262,2022-09-08 18:32:54+00:00,@LAMaiden24 I donâ€™t know why its a big deal to people the fetishization of the British Royal Family by Americans has always been weird to me
263,2022-09-08 18:32:21+00:00,God Save the Queenâ€¦ RIP QEIIğŸ–¤ https://t.co/cgyJlNJuDF
264,2022-09-08 18:31:16+00:00,Letâ€™s also talk about how the Royal Family treated Meghan Markle. RESPECTFULLY im glad that bitch is Dead.
265,2022-09-08 18:30:13+00:00,rip u shawty
266,2022-09-08 18:28:15+00:00,RIP Queen Elizabeth IIâ€¦ You will be miss. But your legacy will always remember for all eternityâ€¦ğŸ˜ğŸ™ğŸ½ğŸ‡¬ğŸ‡§âš”ï¸ğŸ•¯ğŸ¥€ğŸŒ¹ğŸ’#QueenElizabeth #RIPQueen https://t.co/CKZVxYew2X
267,2022-09-08 18:27:34+00:00,BREAKING NEWS: The House &amp; Senate are proposing that we give America back to England to honor the death of Queen Elizabeth II.
268,2022-09-08 18:27:21+00:00,Listening to the BBC coverage of #QueenElizabethIIâ€™s death.
269,2022-09-08 18:26:23+00:00,Iâ€™d Never Understand Caribbean People Obsession With The Royal Family &amp; This Elizabeth Lady ğŸ¤·ğŸ¾â€â™‚ï¸
270,2022-09-08 18:26:20+00:00,Rest in peace Your Majesty. #birthdaybuddy #queen #crown https://t.co/Wfz784tD32
271,2022-09-08 18:26:07+00:00,RIPCNN anchor Bernard Shaw dead at 82https://t.co/u10uKiTWYq
272,2022-09-08 18:25:46+00:00,Rip Bozo trending when the queen dies is hilarious
273,2022-09-08 18:24:14+00:00,Alright how can I make the queen's death about me
274,2022-09-08 18:22:19+00:00,May HM The Queen Rest In Peace ğŸ•Š https://t.co/wLXLpk9LlM
275,2022-09-08 18:20:58+00:00,"God Save The Queen â¤ï¸ RIP to such an influential, powerful badassâ€” THE Queen Elizabeth II. Heartbroken I wasnâ€™t able to see her in person."
276,2022-09-08 18:20:45+00:00,im sorry itâ€™s very weird behavior to post the queenâ€™s death on your story lmaooo like do you know the history of the monarchy or
277,2022-09-08 18:20:31+00:00,RIP Queen. https://t.co/MXFOG39DXV
278,2022-09-08 18:19:58+00:00,RIP Her Majesty the Queen https://t.co/JnsvZxNIQF
279,2022-09-08 18:19:54+00:00,RIP to Queen Elizabeth II ğŸ™ğŸ¼
280,2022-09-08 18:19:30+00:00,@whippetenjoyer moving party/queens death party tomorrow iâ€™m DJing https://t.co/STTZlUlXyz
281,2022-09-08 18:19:01+00:00,Knowing I was able to visit the Windsor castle before her passing was a beautiful experience. The culture she created in the UK is admirable. RIP Queen Elizabeth. ğŸ‘‘
282,2022-09-08 18:18:59+00:00,Queen Elizabeth II of England just passed away this morning. He reign of 70 years has come to a peaceful end. I had a strong hunch on this watching the news and certain things said on her deteriorating conditionâ€¦https://t.co/NueGIGGcXF#queenelizabeth #Queen #england #uk
283,2022-09-08 18:18:55+00:00,RIP Queen Elizabeth II ğŸ˜” 70 years reigning is a long time and you stayed strong. No man could put up with what you did during your time as Queen. https://t.co/Tf1tfhf0Cb
284,2022-09-08 18:18:41+00:00,I donâ€™t relish someoneâ€™s death but she was 96â€¦Thatâ€™s a long life itâ€™s part of living
285,2022-09-08 18:18:23+00:00,@trishapaytas Youâ€™re giving birth to the queen of England
286,2022-09-08 18:17:08+00:00,Prayers and heartfelt condolences to the Royal Family. May the Queen R.I.P.
287,2022-09-08 18:16:37+00:00,Rest in Peace to the OG Corgi mom ğŸ‘‘ https://t.co/wSFKpr1WCV
288,2022-09-08 18:16:37+00:00,I find this so hard to believe I really thought she would make it to 120 years old! RIP QEII https://t.co/DZmRy3CDD7
289,2022-09-08 18:14:51+00:00,an angel (literally now rip) https://t.co/lP4iQv9WdO
290,2022-09-08 18:14:33+00:00,LONG LIVE THE QUEEN!! RIP REAL BITCH
291,2022-09-08 18:13:55+00:00,"I don't do the #RestInPower thing. To me it's another social media meme that makes no sense. What does make sense is that when your race is run, you rest. So to Her Majesty, I say #RestInPeace."
292,2022-09-08 18:13:10+00:00,RIP HM The Queen ğŸ˜¢
293,2022-09-08 18:12:59+00:00,#rip to the queen https://t.co/UfTxRVfStc
294,2022-09-08 18:12:43+00:00,"in memory of the queen of england, please allow me to share some of my favorite photos of her throughout the years. https://t.co/IgAAAiKDbl"
295,2022-09-08 18:11:50+00:00,IVE BEEN WAITING FOR THIS MOMENT ALL MY LIFE QUEENS DEAD BIIIITCHHHHHHHGRAHHHHHHHHHHH RIP BOZO YOU WONT BE MISSED ğŸ˜ˆğŸ˜ˆğŸ˜ˆğŸ˜ˆ
296,2022-09-08 18:11:35+00:00,@author_ellie @thekirbyt @comradejonobi @johngreen England will definitely beat the US
297,2022-09-08 18:11:19+00:00,"Liz Truss: â€œOur nation has grown and flourished during Her Majestyâ€™s reign.â€ Uh, whaaat? #Elizabeth"
298,2022-09-08 18:11:19+00:00,"Born and raised in England and proud of it. I never knew a time where the Queen of England wasnâ€™t central to anything and everything British. I had so much respect. My heart is sad, but what a life and a legacy. Rest In Peace Queen Elizabeth II â¤ï¸#QueenElizabethII https://t.co/6LbO3Nq88z"
299,2022-09-08 18:10:52+00:00,"@LicenceToQueer So now in movies it will be, â€œon behalf of his majestyâ€˜s government â€œ ?"
300,2022-09-08 18:10:28+00:00,All my England ancestors commence operation london bridge https://t.co/sETvHv6Ksx
301,2022-09-08 18:10:19+00:00,RIP the queen
302,2022-09-08 18:08:34+00:00,"sam's mom just so happened to have landed in england last night , and now this morning the queen is dead. very curious about what's going on there..."
303,2022-09-08 18:07:53+00:00,"RIP your Majesty and my one time boss, you were class act from day 1 and will be remembered fondly by many.God Save The King! @ Hermosa Beach, California https://t.co/WfRKPK7gds"
304,2022-09-08 18:07:27+00:00,All of a sudden everyone cares about the Royal Familyâ€¦.. ğŸ¤¦â€â™‚ï¸
305,2022-09-08 18:07:05+00:00,RIP BOZO DUMB BLACK AND TAN BITCH FREE IRELAND.IM UP AND YOURE DOWN 6FT UNDER (1.82M) https://t.co/0yzLJen5Wu
306,2022-09-08 18:06:34+00:00,"RIP, HM Queen Elizabeth ğŸ™ğŸ¼"
307,2022-09-08 18:06:26+00:00,RIP a problematic ICON âœ¨ #QueenElizabeth https://t.co/nGXtprX3oy
308,2022-09-08 18:06:22+00:00,Rest in Peace Queen Elizabeth! @theroyalfamily #royals #queenelizabeth @ Verdugo Woodlands https://t.co/gQEzdQ4nf7
309,2022-09-08 18:06:16+00:00,"Do not stand at my grave and weep.I am not there, I do not sleep.(Do not stand at my grave and cry.I am not there, I did not die!)RIP Queen Elizabeth II https://t.co/xgJ6UK3QBk"
310,2022-09-08 18:05:59+00:00,@RoyalFamily @tmorenomorales We are sadden. Amazing Women. Amazing Monarch. She will be missed. Rest In Peace HRH.
311,2022-09-08 18:04:25+00:00,RIP girl â¤ï¸ https://t.co/JA2OzEmjdf
312,2022-09-08 18:04:24+00:00,I hear the Queen is getting the official â€˜Futuramaâ€™ package in death. They are currently severing her head to place into a jar as we speak. Please standby - she will deliver remarks once recovered. https://t.co/aX5C8J3E0i
313,2022-09-08 18:04:22+00:00,Suppliers rushing to make Queen Elizabeth commemorative death plates put by end of day: #QueenElizabeth https://t.co/vsOT8NsAQP
314,2022-09-08 18:03:03+00:00,Reminded of Chumbawumbaâ€™s acerbic cover of The Beatles â€œHer Majestyâ€: https://t.co/PrB0UwVEN5
315,2022-09-08 18:02:05+00:00,RIP Bernard Shaw
316,2022-09-08 18:01:41+00:00,"@ninaturner The death of a rotten, vile, imperialist monster who clinged to power over the corpses of millions of her subjects.I agree with your point about the current crises, Nina, but this is a brief time for celebration."
317,2022-09-08 18:01:30+00:00,"The queen certainly did not live a boring life, thatâ€™s one thing everyone can agree on. #RIP #QueenElizabeth"
318,2022-09-08 18:01:21+00:00,Feels like the end of an eraâ€¦ RIP Queen Elizabeth II ğŸ¥º
319,2022-09-08 18:00:35+00:00,RIP QUEEN ELIZABETH! You had a good run. ğŸ’ https://t.co/186GKa26el
320,2022-09-08 18:00:09+00:00,RIP BOZO trending after queen elizabeth dying is the funniest shit in the worldğŸ˜‚ğŸ˜‚ğŸ˜‚ğŸ˜‚ğŸ˜‚ğŸ˜‚ğŸ˜‚ğŸ˜‚ğŸ˜‚ğŸ˜‚ğŸ˜‚ğŸ˜‚ğŸ˜‚ğŸ˜‚
321,2022-09-08 18:00:07+00:00,not RIP BOZO trending ğŸ˜­ğŸ˜­ğŸ˜­ğŸ’€ğŸ’€ğŸ’€ğŸ’€
322,2022-09-08 18:00:07+00:00,I still remember when she threw the first pitch out at the @Angels game. #RIP
323,2022-09-08 17:59:47+00:00,"What a life, what an icon. Rest in peace. https://t.co/aGOJZY9jcE"
324,2022-09-08 17:59:24+00:00,Do you care about the Royal Family?
325,2022-09-08 17:58:12+00:00,The epitome of service above self. RIP Queen Elizabeth II. God save the King. #Queen #QueenElizabeth https://t.co/hRszzsBWXM
326,2022-09-08 17:58:08+00:00,Remembering Her Majesty @QueenElizabethII https://t.co/qmPCOjl8xa via @voguemagazine
327,2022-09-08 17:58:03+00:00,Why is rip bozo trending after the Queen just passed ğŸ˜­ğŸ˜­ğŸ˜­
328,2022-09-08 17:57:37+00:00,@AndyWan35430522 Death Twitter is weird. Thereâ€™s always one faction celebrating death. Like whatâ€™s wrong with you? Lol
329,2022-09-08 17:57:10+00:00,Rest In Peace Queen Elizabeth II
330,2022-09-08 17:56:22+00:00,Rip your highness queen Elizabeth
331,2022-09-08 17:55:39+00:00,"RIP Queen Elizabeth II ğŸ™ End of an era. Not only the longest standing monarch but a mother, grandmother &amp; great grandmother who will be missed dearly"
332,2022-09-08 17:54:49+00:00,May the Queen Rest In Peace. What a life she lived and what a light she was to defend and protect her people. She stood as a defender of the Christian Faith!
333,2022-09-08 17:54:44+00:00,RIP TO THE QUEEN https://t.co/Fd1Ap4dBad
334,2022-09-08 17:54:36+00:00,THE QUEEN OF ENGLAND IS DEAD
335,2022-09-08 17:54:28+00:00,Rest in Peace in the land of Queens and Fairy Tales https://t.co/IzGnIaboMh
336,2022-09-08 17:54:05+00:00,"@RoyalFamily Thank you for your humility!!, you are with Jesus &amp; your Prince. Rest in Peace â¤â¤â¤ğŸ™ğŸ™ğŸ™"
337,2022-09-08 17:54:01+00:00,"Rest In Peace, Queen Elizabeth~"
338,2022-09-08 17:53:50+00:00,"RIP, my condolences to the British. â€œQueen Elizabeth II dies aged 96 at Balmoralâ€ by @Telegraph https://t.co/QM7jDX5DX7"
339,2022-09-08 17:53:35+00:00,"This just in: the Queen is NOT dead, she faked her death and is living out the rest of her life in a secret volcano hot spring party palace."
340,2022-09-08 17:53:27+00:00,Rest In Peace Queen Elizabeth II https://t.co/nnqai4MAeg
341,2022-09-08 17:52:57+00:00,Her Majesty made a little joke about California in her speech before Mayor Bradley (per LA Times): https://t.co/NK5QZfSvce
342,2022-09-08 17:52:25+00:00,"@megan_camile Iâ€™ll never feel bad for the death of a monarch, why should we?!"
343,2022-09-08 17:52:17+00:00,Well Iâ€™ll be dammed #AbolishTheMonarchy #QueenElizabeth https://t.co/za4Cchfl1c https://t.co/Ra852DUoSX
344,2022-09-08 17:51:38+00:00,"If I were England, I would try to claim Alphonso Davies as Canada are apparently still â€œruledâ€ by the monarchy"
345,2022-09-08 17:51:35+00:00,Rest In Peace Queen Elizabeth ll â¤ï¸ğŸ‡¬ğŸ‡§
346,2022-09-08 17:51:18+00:00,RIP Queen Elizabeth. Historic doesnâ€™t even begin to describe this moment or her place in history.
347,2022-09-08 17:51:11+00:00,rip queen lizzie https://t.co/mnF7m9szGE
348,2022-09-08 17:50:45+00:00,Rest in peace Her Majesty #QueenElizabethII https://t.co/ce9IJVbwbk
349,2022-09-08 17:50:19+00:00,"May the Queen of England rest easy. With that being said, I know Charles is next in line but if possible Iâ€™d prefer a Game of Thrones type situation over the Crown. Please and thank youâ€¦#QueenElizabeth"
350,2022-09-08 17:49:30+00:00,RIP Queen Elizabeth II.  Condolences to my friends across the pond .
351,2022-09-08 17:49:23+00:00,Rest In Peace #QueenElizabethII ğŸ‘‘ ğŸ•ŠğŸ™ https://t.co/m5Qwejaryb
352,2022-09-08 17:48:10+00:00,"@RodrigotxA If you die within a year of having Covid, its FOR SURE 100%  Covid death. If you die 5 yrs after Covid, its 99% sure Covid deathhttps://t.co/aNbRZavoRb"
353,2022-09-08 17:47:19+00:00,RIP #QueenElizabeth: Mother of Corgis ğŸ™ https://t.co/a7nLTJEpFS https://t.co/ARgqaGnzIq
354,2022-09-08 17:46:34+00:00,RIP Queen Elizabeth Britain longest-ruling monarch. https://t.co/z0wU7CmQUG
355,2022-09-08 17:46:09+00:00,Rest in Peace https://t.co/WmJoHixCge
356,2022-09-08 17:46:08+00:00,Not all the major networks turning off their comments after announcing the death of the Longest Standing Head of Colonization. ğŸ¤¢I hope yâ€™all have a good Thursday and turn up if need be. âœ¨âœ¨
357,2022-09-08 17:45:41+00:00,"Rest in peace, your Majesty. ğŸ¥º#QueenElizabeth https://t.co/d5sleH6HoL"
358,2022-09-08 17:45:39+00:00,Rest in Peace Your Majesty ğŸ‘¸ https://t.co/kHtAw7sC1t https://t.co/4chEu8Wah8
359,2022-09-08 17:45:32+00:00,RIP Queen Elizabeth ğŸ˜
360,2022-09-08 17:45:07+00:00,Finding out â€œLondon bridge is falling downâ€ means the death of a british monarch is crazy
361,2022-09-08 17:44:09+00:00,The Queen wonâ€™t see your tweets joking about her death but your friends who are dead will.
362,2022-09-08 17:44:00+00:00,Surround yourself with people who are positive examples of leadership.The life &amp; death cycle shouldnâ€™t be the only reminder of your humanity. They say the most successful people are often defined by the people beside them but so many of us stand by ourselves.
363,2022-09-08 17:43:36+00:00,RIP Queen Elizabeth. May you rest in the arms of the angels.
364,2022-09-08 17:43:26+00:00,Queen of England died before witnessing messi win the World Cup. Crazy
365,2022-09-08 17:43:26+00:00,Rest In Peace Queen Elizabeth ğŸ™ğŸ™ https://t.co/EBP4md1VQV
366,2022-09-08 17:43:19+00:00,REST IN PEACE Queen Elizabeth! They are gathering in your honor for your next journey.
367,2022-09-08 17:43:12+00:00,I shall miss her. Rest In Peace your majesty. https://t.co/WvMifX9GSS
368,2022-09-08 17:43:05+00:00,Queen Elizabeth II 1926-2022R.I.P. your MajestyğŸ˜¥ğŸ˜¢ğŸ˜° https://t.co/jPfavkrV3G
369,2022-09-08 17:42:55+00:00,May she Rest In Peace https://t.co/aVdry1jxyh
370,2022-09-08 17:42:51+00:00,"Choices, Liz. Choices. #AbolishTheMonarchy https://t.co/9Jkmw5cPmP"
371,2022-09-08 17:42:51+00:00,Rip your majesty
372,2022-09-08 17:42:51+00:00,The Queen has died. She has been doing this since just after World War 2.  Sheâ€™s the Vin Scully of Queens.ğŸ´ó §ó ¢ó ¥ó ®ó §ó ¿âš¾ï¸Hopefully he announces her arrival to heaven. RIP Queen Elizabeth. What a run ğŸ™ğŸ¼#QueenElizabeth #Queen #VinScully #Dodgers #godsavethequeen https://t.co/Ew140i94dg
373,2022-09-08 17:42:36+00:00,Queen Elizabeth II was a badass woman. RIP ğŸ–¤
374,2022-09-08 17:42:31+00:00,Rest In Peace Queen https://t.co/f8pbGBYL6R
375,2022-09-08 17:42:18+00:00,The Queen lived in the throne for a very long time. RIP https://t.co/We4CUYys1X
376,2022-09-08 17:42:18+00:00,@RoyalFamily A very sad day indeed. Beloved Amazing Queen RIP.
377,2022-09-08 17:42:16+00:00,Rest In Peace queen https://t.co/fJZsC6ym3C
378,2022-09-08 17:42:08+00:00,Iâ€™m not saying rest in peace to a woman who was complicit in the murder of Princess Diana. She didnâ€™t deserve that. They all can burn for all I care.
379,2022-09-08 17:42:02+00:00,"Rest in peace, Lilibet. ğŸ’” https://t.co/ukZgKNtLYY"
380,2022-09-08 17:41:54+00:00,Farewell Your Majesty. https://t.co/fYpxQPy8sm
381,2022-09-08 17:41:48+00:00,"@RoyalFamily From across the Pond, Condolences to the Royal Family. Elizabeth Reigned with Dignity &amp; Stature R.I.P. ..."
382,2022-09-08 17:41:07+00:00,RIP to the Queen! #RIPQueenElizabeth
383,2022-09-08 17:41:03+00:00,Smokin on the Queen of England
384,2022-09-08 17:40:45+00:00,Rest In Peace #QueenElizabeth ğŸ’” https://t.co/6SeLsSSK7H
385,2022-09-08 17:40:43+00:00,@CapitalOfficial May she Rest In Peace ğŸ•Š
386,2022-09-08 17:40:39+00:00,@TabithaADraper Me too. People donâ€™t like her but she was an amazing woman. Lexi is so sad. She loved our trips to England. The girls loved playing at Windsor. https://t.co/Fj6WAyjuMT
387,2022-09-08 17:40:37+00:00,@zx7miller @Rebecca2701335 @EugeneDaniels2 Keep that same energy for the people that are about to wax poetic over Queen Elizabethâ€™s death
388,2022-09-08 17:40:36+00:00,"Repost from @bbcnewsâ€¢Queen Elizabeth II, the UKâ€™s monarch for the past 70 years, has died aged 96.Tap the link in our bio to follow this breaking news.#rip #queenelizabeth #royal #royalfamily #balmoral #buckinghampalace #uk #england https://t.co/KNlzzhi74u"
389,2022-09-08 17:40:24+00:00,RIP Queen Elizabeth 2. God Save The Queen. You are with Prince Philip now. Fair thee well.
390,2022-09-08 17:39:54+00:00,#RIP to one of the most iconic people the world has ever known... #QEII #GodSaveTheQueen ğŸ‡¬ğŸ‡§ https://t.co/5jwFjpAHIW
391,2022-09-08 17:39:02+00:00,"#QueenElizabeth is gone after 96 years, wow. #rip #Queen, you left an indelible legacy https://t.co/4jPKeRMSBH"
392,2022-09-08 17:38:49+00:00,"Job done. RIP Queen Elizabeth II. (Not my photo, but I think itâ€™s great) ğŸ‘ğŸ» https://t.co/CakI3oY9h8"
393,2022-09-08 17:38:36+00:00,â€¦ jk ripğŸ™ğŸ»
394,2022-09-08 17:37:46+00:00,The Queen of England died??? Guess we know how The Crown endsâ€¦
395,2022-09-08 17:37:38+00:00,RIP Queen ğŸ¤ğŸ«… https://t.co/KnK7s8JdXT
396,2022-09-08 17:37:20+00:00,She broke through many glass ceilings and witnessed first hand so many moments in history. May she Rest In Peace. ğŸ•Š https://t.co/DVahxm72Tl
397,2022-09-08 17:37:05+00:00,Rip queen Elizabeth https://t.co/rjKm9vllD2 https://t.co/wSTbnWaZtL
398,2022-09-08 17:36:23+00:00,@BBCBreaking Rest in peace
399,2022-09-08 17:36:09+00:00,Rest In Peace Queen Elizabeth ğŸ˜¢ğŸ™ğŸ» https://t.co/gXwm3c0Mgq
400,2022-09-08 17:36:00+00:00,Rest in Peace! ğŸ‡¬ğŸ‡§ğŸ‘‘âœï¸ğŸ“–ğŸ˜‘ğŸ˜”ğŸ’ https://t.co/QzxZuNm1sw
401,2022-09-08 17:35:06+00:00,"RIP to the queen, the ultimate role. ğŸ‘‘"
402,2022-09-08 17:35:02+00:00,RIP Queen Elizabeth
403,2022-09-08 17:34:29+00:00,"âœ¨ğŸ™ğŸ¼ğŸ˜” Rest in peace, Queen Elizabeth https://t.co/HOcK1UQJ9N"
404,2022-09-08 17:34:13+00:00,Im putting a wager down on England for #Qatar2022 #QueenElizabeth
405,2022-09-08 17:33:58+00:00,No way RIP https://t.co/aFcyfqK5FV
406,2022-09-08 17:33:45+00:00,RIP to the queen!
407,2022-09-08 17:33:11+00:00,Nickiâ€™s RIP Queen Elizabeth bar coming in the near future &gt;&gt;
408,2022-09-08 17:32:51+00:00,"Damn, RIP https://t.co/OsoTP9mSgd"
409,2022-09-08 17:31:55+00:00,"""The queen died peacefully,"" declares the royal family https://t.co/2LdGjGGDC1"
410,2022-09-08 17:28:45+00:00,England you need to pray as a group for the Queen otherwise your money is going to look like this. https://t.co/K9FpWK16Ag
411,2022-09-08 17:25:25+00:00,"@TIME Dear Jesus, please keep Megan Markle far away from Her Majesty Queen Elizabeth so that the queen can recover and give us a little more time with her."
412,2022-09-08 17:12:27+00:00,@fiercalicious RIP Queen Elizabeth II she would have loved Canadaâ€™s Drag Race S3 Finale
413,2022-09-08 17:07:20+00:00,Death Twitter is really going to be lit when the Que** dies.
414,2022-09-08 17:02:04+00:00,"God Bless you and your family David Rest In Peace @ Los Angeles, California https://t.co/rytYdsKEnX"
415,2022-09-08 16:55:25+00:00,Oh wait I forgot I donâ€™t care about the royal family
416,2022-09-08 16:47:44+00:00,"Itâ€™s funny though cause anytime anything Royal family related happens, I go â€œhuh, I feel like I should know more about thisâ€ and then time passes until the next thing happens and repeat"
417,2022-09-08 16:47:27+00:00,Imagine giving a fuck about the royal family when they don't give a fuck about you in the slightest and in fact hold the entire working class in contempt.
418,2022-09-08 16:43:34+00:00,"I find myself saddened at the thought of the passing of Queen Elizabeth. The history she has seen in her long life of 96 years. 70 year reign as her majesty. Long, live the queen. #QueenElizabeth"
419,2022-09-08 16:42:43+00:00,"I learned on Ancestry that I'm 6,842,536rd in line for the throne of England."
420,2022-09-08 16:41:45+00:00,England should try something new and just make Idris Elba king now. It would be a way cooler place.
421,2022-09-08 16:21:46+00:00,After watching the Crown. I know that the queen could be dead already. That they will release her death when they want to. We just watched the episode last night where the king died and they took forever to announce it. https://t.co/hM8P68sp1A
422,2022-09-08 16:17:40+00:00,O HANZLE AND GRETTLE GOBBLE GOBBLE GOBBLE ENJOY THE FESTIVE EVENTS THE FICTITIOUS CLAIMS OF ENGLAND 1545 HAS STARTED TO CRUMBLE SLAVES CLAIM YOUR HERITAGE AFRICAN BRONX ETCÃ‰TERAS BUILT LONDON CLAIMS ARE BEING HANDLED INTERNATIONAL SETTLEMENTS SENATOR CORY BUCKINGHAM JERSEY $ x Â£
423,2022-09-08 16:05:27+00:00,This brilliant and amazing comic who recently came out with an amazing standup special...suddenly and shockingly left us! The good ones always go early.RIP @DavidAArnold. We just don't know when our lights will be turned off. Heartbreaking....#davidarnold #rip #comedian https://t.co/EvaC47QiQJ
424,2022-09-08 15:58:53+00:00,"So...so so...there goes the ""Mpox is NOT STI"" placed to deathğŸ’€â˜ ï¸ğŸ™€A whole bunch of daily Mpox ""trackers"" implying anything but STI...just became firmly unemployedğŸ˜†ğŸ˜†ğŸ˜† https://t.co/prBzUCYFY9"
425,2022-09-08 15:44:51+00:00,"Oh, yasss hunty mama #QueenElizabethII is gonna slay the boots house down soon enoughâ€¦in hell ğŸ˜ˆğŸ‘¹#AbolishTheMonarchy https://t.co/OJeoXwXEOV"
426,2022-09-08 15:31:30+00:00,"Prayers for her majesty Queen Elizabeth! ğŸ™ğŸ’™Wishing her a speedy recovery. #queenelizabeth #godsavethequeen @ Beverly Hills, California https://t.co/GrIRF4rRdq"
427,2022-09-08 15:27:06+00:00,"@Morgan_C_Ross Her Majesty's stunning pale green satin gown worn to the official reception shown in this clip. Designed by Norman Hartnell, it features maple leaves intertwined with the white York rose and embellished with beads and crystals. https://t.co/4JkadcHP8g"
428,2022-09-08 15:22:32+00:00,"@BeschlossDC Oh no, rest in peace."
429,2022-09-08 15:11:21+00:00,"Praying for #TheQueen. Wishing you comfort and strength, your Majesty. https://t.co/ZKSBNJC9uG"
430,2022-09-08 15:05:52+00:00,Oh no. Rest in peace. https://t.co/lGXlRLxJlC
431,2022-09-08 14:38:21+00:00,"I heard the Royal family has been calling this guy all night, canâ€™t be a good sign https://t.co/Fr6226il2y"
432,2022-09-08 14:36:35+00:00,"Her Majesty was evaluated by her doctors this morning amid increasing concerns for her healthCharles, William and Queen's immediate family head to Balmoral to be at her bedsideOne of the Royal Family's helicopters has landed at BalmoralPeople gather outside Balmoral Castle https://t.co/OTw2zAeBpk"
433,2022-09-08 14:34:31+00:00,Piers Morgan &amp; 99.9% of the UK are probably going to blame Meghan Markle for the death of the Queen.
434,2022-09-08 14:11:33+00:00,"â€˜Til death do us part, right? RIGHT?Check out our latest episode â€œWhat Is Loveâ€ or forever hold your piece. Listen here:https://t.co/TJCcKSuSCu#GayPodcast #Queer #QueerMagnoliasPodcast #WhatIsLove https://t.co/BNBHnpWLMS"
435,2022-09-08 13:50:04+00:00,@ClareWritesYA @AmanitheTender1 @RosiannaRojas @johngreen Then.... We should celebrate their destruction. Your own logic proves why her death is something to celebrate and the ascension of her son to the throne is something to resist.
436,2022-09-08 13:45:36+00:00,@ClareWritesYA @AmanitheTender1 @RosiannaRojas @johngreen Wishing death to a monarch is a beautiful thing.Stop pretending that all humans are on the same playing field. Hereditary monarchies are corrupt and ridicule on the internet is the least they deserve.
437,2022-09-08 13:38:02+00:00,"@UncFinder @malhaku @johngreen And none of those countries' independence happened because of her, but in spite of her efforts to stop them. Each independence story is a victory for the independent nation, and a beautiful loss for the Royal Family."
438,2022-09-08 13:33:15+00:00,I love lil Domo to death dats my boi
439,2022-09-08 13:31:17+00:00,@CNN @carlquintanilla RIP. Shawâ€™s coverage of the Gulf War was unforgettable.
440,2022-09-08 13:19:20+00:00,"From what Iâ€™ve been hearing, itâ€™s not looking good. What a sad day for England, and for the world. Such a remarkable woman. ğŸ‡¬ğŸ‡§ğŸ‘‘ https://t.co/IohQvtWMVv"
441,2022-09-08 13:11:29+00:00,@RoyalFamily Praying for Her Majesty. Much loved.
442,2022-09-08 12:31:07+00:00,"@jaackiepaul @MITdusp As a PhD grad of DUSP 1983 welcome and good luck. Itâ€™s an amazing place- drink as much as you can from that firehose, itâ€™s an unparalleled opportunity. And enjoy New England in the fall!"
443,2022-09-08 12:20:38+00:00,"Strength and forbearance to her Majesty, her family, and to all her people in the United Kingdom and Commonwealth. https://t.co/W5nNLTeVXY"
444,2022-09-08 11:25:23+00:00,Forgot to say RIP to the late great MAC ğŸ™ğŸ¼This is one of my fav live performances. https://t.co/HHPeoXw0IV
445,2022-09-08 09:35:15+00:00,@SussexHenryVIII Now Iâ€™m just sitting over here imagining her *chatting* w/ Ivanka when the grifting ğŸ¤¡ Family went to England; bc if you think back to that time the darling daughter tried to horn in on that G-20 conversationâ€¦ #itsallaboutthehandshttps://t.co/dCtSoDljSI
446,2022-09-08 07:56:13+00:00,@TheGoodLiars @shellneal2501 Simpleminded people like this will be the death of us
447,2022-09-08 07:54:03+00:00,Does he think anyone forgot about that time he fled for Cancun while people in his state froze to death? https://t.co/eBEVbteSTy
448,2022-09-08 06:49:42+00:00,"Oh look, another complicated math problem that says Baby Jesus is the archangel of death. And better at football than your dude. #BillsMafia | #GoBills | #joshallen https://t.co/8LdrWkybnZ"
449,2022-09-08 06:46:17+00:00,This the funniest thing since the basketball player talked about watching gorillas fight to the death ğŸ˜­ğŸ˜­ğŸ˜­ğŸ˜­ğŸ˜­ğŸ˜­ yâ€™all too extra https://t.co/FWYQFvBpos
450,2022-09-08 06:10:39+00:00,Update tree death very expensive apparently https://t.co/nx3Hr6uBC1
451,2022-09-08 05:24:15+00:00,the necromantic........#necromantic #blinddead #halloween #monsters #halloween2022 #death #tarot #ghostly #innsmouth #lovecraftian #corpsebride #necromance #necromancy #undead #nun #priestess #horrorart #horror #tomb #aiart #generativeart #mangorai https://t.co/Ufh07thgHg
452,2022-09-08 05:21:49+00:00,RIP #diamondized #HipHopPhilosophy family @ Hip Hop Philosophy Radio https://t.co/jNue64UzLh
453,2022-09-08 05:12:34+00:00,"Georgia/Florida perhaps, though nothing comes close to @ClemsonFB games in Death Valley ğŸ… https://t.co/TddlWbPhmU"
454,2022-09-08 04:49:46+00:00,This MFer flew to Cancun while Texans were literally freezing to death.  The lack of self awareness is loud. https://t.co/mTq4aZZVF1
455,2022-09-08 04:12:05+00:00,#rip to #davidarnold yes your career was blossoming but what you meant to your wife and kids is #Priceless praying for your family.
456,2022-09-08 03:58:39+00:00,David A Arnold on Dog Owners https://t.co/9leMIjZhcb via @YouTube #RIP
457,2022-09-08 03:44:55+00:00,@CaitlinKurvink @NooooNazis @SeeJaxon @ZoidsTigerX @bob_cat_man @LakotaMan1 The Boy in the Striped Pyjamas is pretty problematic. I didn't realize it when I was in school. A German death camp kommandant's son's death is portrayed as tragic is quite gross. The Jews being killed constantly don't receive the same narrative treatment.
458,2022-09-08 03:25:01+00:00,@MrAndyNgo It looks like that boy qualifies for the death penalty. Letâ€™s hope he gets it.
459,2022-09-08 03:16:02+00:00,"@jonsopel @trussliz My hunch is this first one was rehearsed to death, good West End opening night â€” subsequent performances wonâ€™t be top review worthyâ€¦ and then the touring versions â€¦ we shall see."
460,2022-09-08 03:12:05+00:00,@MikeClifford44 Would love him in New England!
461,2022-09-08 02:37:58+00:00,RIP Mac
462,2022-09-08 02:34:34+00:00,"I love how I rented a black leather dress for events this week, as if Iâ€™m wearing that thing anyyyyywhere when its a million degrees outside ğŸ¥µ ğŸ’¦  fuck la is death hot these days"
463,2022-09-08 01:58:41+00:00,For the #roh match #aew shouldâ€™ve done that HUD that shows you the rope breaks they did in death before dishonor. #AEWDynamite #prowrestling
464,2022-09-08 01:38:39+00:00,@Teennaa26 May he rest in peace ğŸ’™ğŸ•Š
465,2022-09-08 01:28:45+00:00,cuffing anything makes me want to rip my hair out fr
466,2022-09-08 01:02:20+00:00,"""The Death of Right and Wrong"" by my friend @HeyTammyBruce https://t.co/b4V4MmQGfo"
467,2022-09-08 00:39:11+00:00,Awesome match for the #AEW Trio Titles. Death Triangle and Best Friends put on a hell of a show. And now Pac is a double champ.
468,2022-09-08 00:31:37+00:00,"3 more packs of â€˜21 Bowman Chrome Sapphire before we can rip!  Iâ€™m in for one, who else? https://t.co/uv5Iy4XlyT"
469,2022-09-08 00:05:41+00:00,@LaDodgersTalk Couple weeks after my dad passed I couldnâ€™t find the jumper cables for my car and for a split second I thought of calling him and asking where were they in the garage. It sucks cause for that split second you forget about all the pain that came with their death.
