content,Emotion
nice night trip delhi heart eyesheart eyes,surprise
may soul rip nation family fellow citizens moment grief indeed shameful act state mourning hopefully gives guard honour masters indian republic shouldnt,negative
crnnon iaa horrendous shame state acts happenstate government must take responsibility family,fear
firki queen sob,negative
called great britain looted trillion usd india,fear
bilkul,fear
watched siya today team done fabulous jobemoji modifier fitzpatrick type ratings star star star star star masterpiece well crafted pain siya family feel hats 100 thanks inviting heart ssoabs,trust
chain snatching gate ajnara genx pls ask family members careful,trust
kingcharles king charles iii greeting crowds outside buckingham palace blue heart kingcharles royal royalfamily,positive
need college going students good communication skill part time work queen queenelizabeth queenelizabeth sourcelove earnmoney earni socity totallyspies,trust
complaint neighbour willing kill street dog family give food shelter also filed fir today dog hold sons leg husband ran kill dog came fought amp abused,negative
promoting circulareconomy renewed products queenelizabeth queen bramhastra indianeconomy india delhi mumbai graphicdesign student,fear
huge huge huge maiden fan theres one thing global institution longest lingering remainder terrorism seems like last shread queen elizabeth revelation developing corners end world,fear
aaaaii iaaaa eon death queen,fear
infantry queen battle,anger
queen dear heart,positive
kingdoms wane republics rise democracy dances kaleidoscopic dance free speech airs licentious outrage royal charm remains mystical memories little gestures amp acts recalled mysterious love strangers madhavan queenelizabeth,positive
god finally meeting queen elizabeth waiting day since sent adam eve earth already queenelizabethiimemorial queenelizabeth restinpeace queen elizabeth queen elizabeth,trust
rip,fear
even demise queenelisabeth issue going haunt new king queen elizabeth' muslim relatives 'cash honours' scandal princecharles via,fear
undergoes century change king charles iii takes charge amp prince william becomes prince wales title held charles decades sdak,positive
bro starting ruling every years industry becomes queen hearts rulling everywhere proud god protect happiness pranalirathod yrkkh harshali,positive
carry jatta shooting london flag united kingdomflag bulgaria congratulations bouquet team humble motion picture hugging face,trust
rajpath changing kartavyapath queen,fear
queen also trending pranalirathod yrkkh harshali harshadchopda,fear
aapka bhi bahut bahut dhanyawad sir aapne aaj tak mujhe koi reply nhi diya jaante huve bhi meri family bahut jyada mushkilo shukriya sir aap sabhi tino bade netao kaa kisine bhi mere parivar help nhi pray,trust
sir tweet aapko bhi bahut kiye mene lekin jawab kaa bhi nhi mila meri family pareshaniyo hai mujhe aap sabhi bahut ummide thi koi hoga hum jaiso help karega par saari ummide khatam hoti dikh rhi hai dhanyawad sir help naa karne liye pray,trust
baaki aage aapki marzi hai aap kise apne saat jodna chahte hai meri family jaise pareshaniyo parivaro kisi dhanyawad pray,fear
sir bharat tbhi judega naa jab bharat log judenge log hum jaise greeb preshan dukhi log sir mere father death vaccine lene huyi thi uske baad meri family condition bhut jyada khrab chuki hum bahut preshan sir plz hmari help kijiye,trust
queen reach king didfire kingisback viratkohli,positive
modi elizabeth queen elizabeththegreat ripqueenelizabeth royalfamily narendramodi,fear
carry jatta shooting started london flag united kingdomregional indicator see soon cinema congratulations bouquet movie team humble motion picture blushthumbsup,trust
elizabeth gonesonia aunti onrahulji good player foreigner congress destroying countryafter congress govttodays friendship day hinduism hindustsn,trust
always delight meeting speaking warm grounded lady march presented credentials queenelizabethii buckingham palace right side frame meeting queen sajnx,positive
technically queen survive india taking economy well time woman shrugging queenelizabeth,trust
think overreacting sircalling names good point make rebuttal difference desire reality disappointment due thing constructive criticism aims improving current situation always better fake hopes,negative
mother sent message father went one queen' tea receptions dad doctoral student oxford,trust
motto british monarch dieu mon droit god amp right motto indian head state truth alone prevails modi said today elizabeth stalwart times never said anything like nehru,positive
rip thequeen,fear
proof kya hai,trust
day today british monarch king george stood sun supposedly never set british empire years laternetaji challenged british empire like one else stands tall days ago surpassed fifth largest economy flag india,trust
indian govt odd days lets rename roads free colonial past indian govt even days lets declare oneday state mourning queen statemourning queenelizabeth,negative
rate speed wheels justice move would choke person deathhigh time matters concerning lifeamp liberty dealt creating dedicated district judiciary amp cadre competent men district handle matters soysrqdk,trust
rip headstone,fear
eam jaishankar pay tributes queen elizabeth monday british high commission condolence book opened high commission,trust
happy hopefield friday bestie miller white family safe take care miss smiling face heartshugging facetwo heartsblue heart,positive
miss much childhood tried lot make always failed joy,positive
queens life pictures shpx,fear
food sikkim nepali explore sikkimese cuisine platetable takchang pekyong sikkim dulal family,trust
recently lost tycoon unfortunate incident keep harm away play safe seat belts essential travelling car important message gadkari rip mistri,positive
one simple question descend canonical brits monarch blood millions amp millions multiple continents dies supposed show class respect queenelizabethii epitome cruel regime elizabeth queenelizabethiimemorial,positive
aai rip,fear
indeed death indeed rip,fear
madam aap mahila main maanta aapke sath galat rha hai lekin police hai dalal hai bina paise koi kaam nhi karti hai mahilao liye already itne kanoon hai mahila thana hai already wha family matter jyada fake case chal rhe hai,fear
appropriate step taken country celebrating azadikaamritmahotsav queenelizabeth indipendence monarchy colonialism mygov,positive
surprised see strange decision indian government still respect colonialism expressing condolences demise kind gesture undoubtedly giving national respect position facilitated invasion exploitation indians,positive
desi friends living london posting queen stories trying add elitist persona,fear
death leaves heartache one heal love leaves memory one steal,negative
queen love wisdom humanity world miss dove peace thequeenelizabeth queenelizabeth royal royals royalty royalfamily royalgram classy lady fashion instagood instaroyals queen britishroyalfamily britishroyals wisdom vintage memories,positive
neo aaaaii rss uaa naa uaaaa aai rolling floor laughinggrin inkaa iii aaaa aani queen queenelizabeth bharatjodoyatra,fear
aur queen insan marwa diye hamare sub continent trillion usd loot gyi,negative
bad publicly diss death family member plundered terrorised land ancestors far worse publicly celebrate honour legacy,fear
mythvsfact trinity gods take birth facts shri brahma visnu shiva birth death durga mother tridev sant rampal maharaj,trust
dear sir need help guidance pension provision gref border roads organization employee served years amp months field area resigned due family circumstances,positive
high commissioner leaves speaking media paying homage queen elizabeth queen elizabeth longest reigning monarch british history died thursday sxmlqpge,positive
queen,fear
supreme court stays demolition curlies restaurant goa sonali phogat death linked restaurant,fear
government india declared state mourning honour death queen elizabeth september sundayon day tricolor halfmasted everywhere queenelizabeth,negative
accepting applicants mortar board january airplane * flag united kingdom * australia flag australia * usa flag .. outlying islands * new zealand flag new zealand * canada flag canada telephone receiver contact earth africa soe studyabroad flag united kingdom australiaregional indicator usaregional indicator newzealandregional indicator canadaregional indicator foreigneducationconsultancy,positive
probably one places thats brutal towards poor india even idea mindful fantasy broken heart,fear
royal family royalists deeply classist pretend food security issues exist always cards,trust
japanese envoy pays homage british queen elizabeth british high commission delhi,trust
queens death seems english also diedkenya grab,anger
head nation india friend country krta hai kisi country headprime minister president king death hamesha krta aaya hai,trust
definitely twinkling eyes charming zillion dollar smile rip queen elizabeth slideshow snihm,positive
rani jind last queen punjab embodiment kohinoor also queen never needed wear crown leave legacy behind queen,negative
liking britain mourning queenelizabeth dividing assets show,trust
rest peace queen elizabeth queenelizabeth smk,positive
mythvsfact triple gods brahma vishnu shiva mortal must know fact dummy gods brahma vishnu mahesh cycle birthdeath,negative
oneday state mourning across india september mark respect departed british monarch queen elizabeth day national flag flown half mast buildings flown regularly official entertainment,trust
acquire lap satpurush anami jaigurudev death taking initiation naamdaan soul master present liberate soul realm matter amp illusion let soul real peace ntumaaaaiiaaaa,positive
coincidence queen elizabeth passed away day,surprise
life pleasant death peaceful transition thats troublesome press alt discription,surprise
looks like queenelizabeth realised due modi jis great work india' gdp surpassed colonial ruler couldnt take shock queen elizabeth,fear
godddd wake queen,fear
official mourning death monarch colonial rulers tricolour half mast slave mentality never must thank queen elizabeth looting plundering national wealth end leaving nation divided wow slave always slave man facepalming,negative
iiaa aaiaai britain queenelezabeth kmmuniyappa bjpleader cmbommai koratagerebjpma swrflswq,fear
hope mourning tomorrow flying tri colour half mast queens death arent traitor jaychand savarkar aulad,fear
met pmelect also day,fear
rest glory majesty queen elizabeth founder secretary general nri instituteconnecting indian diaspora sardar jagmohan singh early queenelizabethiimemorial restinpeace unitedkingdom india nrisoftheworld nriinstitute sfwuojg,positive
even lets say soros funds regime changes change semitic anti semitic angle queen never anti semitic anti semitic still alive ruling like moiji,fear
feeling sorry british actor alia bhatt first queen died movie boycottbrahamstra brahmastrareview,fear
even queen elizabeth waiting king ' century game hearts skaewyhv,positive
work way talking pure arithmetic considering partisan make politics inc bjp aap bjp sprld lot bsp,anger
rip sfcms,fear
bjp vote share big politics amp asterix always vital politics remove gujarat one best performing congress units india,anger
difference nature contests main parties bjp ahead even inc aap main parties bjp ahead rld bsp,positive
say aap planted pro people say bsp planted point fight within situation,fear
told around punjab elections telling note,fear
long remembered dignity decency public life unwavering commitment sincere condolences queen elizabeth people everyone around world mourning demise one greatest monarchs time condolenc elizabethii,positive
deeply pained demise queen elizabeth longestreigning monarch united kingdom reign spanning seven decades prime ministers several major turning points modern history second elizabethan era come end queen elizabeth,positive
twitter friend obsd previous tweet theres hope yet dear year clown prince ruling family kingdom congress keep going charlie example full two decades make sadly vadra jijajis race skbtwcy,positive
carry jatta shooting started london flag united kingdomregional indicator see soon cinema congratulations bouquet movie team humble motion picture blushpray,trust
mourning death british queen elizabeth compulsion rashtra nirman party opposes decision goi scni,negative
thoughts condolences royal family british friends india ripqueenelizabeth britishhighcommission newdelhi britishcouncilindia,fear
"say rip remember queenelizabeth' fun moments appreciate spunk say ""how cute"" doilies that' monarchy gotta one day maybe today state mourning part world spurious homemade gin personal abuse crude naarangi",negative
tribute queen legend icon rest easy highness dove peace sbjdtobfho,positive
sushant bhai agar queen saath bhi photo hai phir toh matlab kamaaaaal hai,fear
seems designed sell rss like indira descendant rolling floor laughing queen,positive
india announces one day state mourning aftermath demise uks queen elizabeth statement,negative
rip queenelizabethii remembered skillful nonpartison handling complex poltical issues quarter century,trust
british flag half mast british high commissioner residence delhi aftermath demise queen elizabeth condolence book opened residence,sadness
rest peace queen queenelizabethii queenelizabeth queenofengland queenelizabethiimemorial queenisdead,positive
bollywood dying death fake tactics negative publicity used promote one factors brahamastra exemption fresh example practice,negative
thequeen link britains colonial heritage ever changing global politics world yet constance resolve compared princess british empire sun never set ceremonial head commonwealth sbzed,trust
born princess house windsor queens story evolves around remarkable change fate culminates astonishing record service people country passing away queenelizabeth era comes end,positive
give better idea cost living different cities student mortar board please note cost would vary depending spending habits students end spend significantly lesser figures mentioned reelflag united kingdom sst,positive
saal aap raaj mai kyu nahi kar paye queen marne wait kar rehe,negative
elizabeth erhviin krvaa aaoe,fear
sympathy queen elizabeth death family rulers killed millions indians india passed away like others nothing special queenelizabethii queenelizabethiimemorial,positive
queen truly dignity grace personified may soul rest peace queen elizabeth died aged,positive
prince charles would become king would queens counsel replaced word kings counsel lawtwitter queenelizabeth,positive
end way lived life mindful legacy wish leave behind legacy thoughts values courage legacy character sense duty choose wisely teachings rip,positive
virat kohli queen elizabeth queenelizabethii viratkohli sdjmm,fear
feeling elizabeth queenelizabeth,fear
end era bbc announced death queenelizabeth decades prime ministers queen majesty queen elizabeth passed away peacefully srriqbltz,positive
shocked see indians sad demise monarch queenelizabethii,fear
citizens indians putting rest peace updates queen,positive
queen elizabeth represented monarchy morally supported plunder loot half planet hundreds years damned people starved death royal family never said word african slave trade bengal famine jalianwala bagh rip majesty,negative
rest peace peace symbol queen,positive
symbol colonialism kingsway erased history forever narendra modi stcoghxtibmcb,fear
deeply saddened passing queen elizabeth iia remarkable individual whose life epitomised dignity grace service beyond self presence provided stability strength end era queen' life always admired never forgottenprayregional indicator sxjdkk,positive
leader unsecured around competent people end organisationa slow deathlook surrounding mass support everyone nominationin orgcredentials fragile odd mps leading yatra,trust
stunned part shiva waiting part dev rip said paid reviewpromotion brahmashtrareview brahmastramovie brahmashtra brahamastra ranbirkapoor aliabhatt ayanmukerji brahmastra brahamastra srccr,fear
queen bail fraud misappropriation waiting conviction,negative
india marching ahead vision modi congress cant free shackles one family thank shri good bless,positive
omaxe royal street bahadurgarh bhk floors apartment flat forsale sector residential property,fear
queen elizabeth total networth apne iie arb ' queenkhaan oii aajghraae aaaaii oon aae oei aan aai srkaa oaa jbki aaii,fear
happened found later throw staffer things matter family system however fair case strict vegetarians knowing amp choosing identity staff involved cookingserving may illegitimate sty,positive
death anniversary kurien born nov died sept architect indias largest agricultural development program ever world involving million farmer families world food prize winner padma vibhushan padma bhushan padma shri,surprise
death anniversary kurien born nov died sept architect indias largest agricultural development program ever world involving million farmer families world food prize winner padma vibhushan padma bhushan padma shri smqmgoq,surprise
yes banie hain / /,fear
queen oversaw greater decolonialism sjgavd,positive
netaji rises queen shall make way remember date netajisubhaschandrabose kartavyapath ariseawake ariseandshine chalodillo new delhiindia,fear
toe phir tum chale jao great great britain rehne yahan kyun bethe hoe,fear
lost soul stevejobs death broken heart decade death memes around appleevent seem creative product face rolling eyes rememberingstevejobs iphone launch,negative
according reports queen dies peacefully watching cameo masterpiece,positive
still survey find everyone attentive look news like going next king queen,positive
rip sepzshd,fear
queen elizabeth uks longestserving monarch died balmoral aged reigning years queenelizabeth died,fear
think may downloaded wrong elizabeth image expressionless queenelizabethii,negative
spoke neeta chander shekhar ass professors wife wife levels serious allegations said conspiracy husband framed family friends demand cbi enquiry lets unite fight back justice justicefordrchandershekhar,negative
sir please look,trust
princess queen travolta stcolxajmesp,positive
continuing coverage queens demise credible voices,fear
sir need help usmy full twitter story personal metter laws familyi requested,trust
tribute ray saheb tagore panchanan barma father rajvanshi nation death anniversary folded hands dark skin toneemoji modifier fitzpatrick type,trust
sir difference bjp congress british queen sudden demise goi condolences royal family independent country congress power three day national mourn mentally independent bharat,trust
airy well ventilated well lighted floor bhk flat available forrent family apartment zakirnagar newdelhi residential property,fear
rip,fear
queen elizabeth passed away age sep years prime ministers one queen crown queenelizabeth queenelizabethii,positive
queen elizabeth uks longestserving monarch towering figure head pre amp post colonial commonwealth epitome grace elegance may rest peace shaped history empress era adieu highness queenelizabeth,positive
mythvsfact triple gods brahma vishnu shiva mortal must know fact dummy gods brahma vishnu mahesh cycle birthdeath watch sadhna sgbc,negative
even queen waiting kohlis century joy viratkohli queenelizabeth,positive
indians dancing celebrating end last british colonial symbol replacing british king georges queen elizabeth father statute netajis smarak renaming rajpath kartaya path modi last job get back kohinoor,positive
rip missed hrithik roshan,fear
mythvsfact triple gods brahma vishnu shiva mortal must know fact dummy gods brahma vishnu mahesh cycle birthdeath download sant rampal maharaj youtube channel information,negative
queen elizabeth phlii aaaa aajmhl iin aaaaii iaae een uaaii iien ' uuii khbr sabeth queenofengland elizabeth elizabethii,fear
era unto decisive powerful leader rip,trust
chander shekhar associate professors death wife levels serious allegations cases happening every office men rightful work hampers interest tortured demeanedfalsely allegated forced take extreme step mentoo cbi enquiry needed,positive
sending love friends today,positive
there' little issue british royals generally step changing world clutching desperately straws relevance slew problematic family members nazi sympathisers sexual harassers etc queen dead,fear
eplrii ooaaii ukrnnii aapkii ooaaii,fear
queen elizabeth legal owner one sixth earths land surface british passports issued queen elizabeths name one queen remains female member royal family entered armed forces,positive
rest peace excellency queen elizabeth sjltzemu,positive
thhaam sake haath pakad sake daaman bade kareeb uthkar chala gaya koi indians overreacting english queens death,fear
woke sad news queen elizabeths death known selfless service nation commonwealth respected loved figure globally passing away marks end era rest well highness soul rest peace,positive
queenelizabeth witnessed important milestones india' journey independence british colony india' rise largest economy surpassing recent last week end era sincere condolences folded hands medium-light skin tone,positive
deepest condolences royal family,fear
sir due respect find relevance family pms deserving opposition leader aap amir gareeb usse kya fark padta hai joker joker hai,positive
majesty queen elizabeth remembered personified dignity decency good leadership pained demise thoughts family people sad hour queenelizabethii narendramodi,positive
queen like dadi world ripqueenelizabeth,fear
little flower hibiscus uprooted could blossom death proud rip queen,positive
two elizabeths together ruled two days liztruss queenelizabeth queenelizabeth,fear
may soul rip elizabethii queenelizabethii,fear
sakinas could released prison even death broken heart tskhyniqlbihsynskhynh,fear
... everyone part food lovers family along journey one subscribers followers numbering two half million youtube also across various digital platforms believed most...,trust
queen elizabeth represented monarchy morally supported encouraged plunder loot half planet centuries looked away people starved death nobody family said word slave trade bengal famine jalianwala bagh etc,negative
told father people putting instagram stories writing rip queen shook head said slave mentality never says things like,fear
queen elizabeth died aaaaii iaae iin iin aaii onain,fear
rest peace queen elizabeth missed decades prime ministers charmed dignified life active till day passing four leaf clover queenelizabethiimemorial svoqkdp,positive
dedication duty steadfastness honesty much learnt emulated rip queenelizabeth stcohcudhyxg,positive
tragedy congress never recognise two great leaders congress doesn' see beyond fake gandhi family,trust
gyani already predicted queens death june souls revolutionaries anand math roared wow poetic justice netaji roars kartavya path amp colonisers queen dies bharat rise amp roar lion face,fear
queen elizabeth britains longestserving monarch passes away queenelizabeth,fear
dekho yaar jokes aside know completely angry sad chudail raanis death dead worlds dhoom taana nana whichll transpire diana amp elizabeth dream come true melodramatic south asian amp colonized identity klesh galore,positive
greetings twitter family heartheart,fear
britons accusing modi main reason queens death modi removed statue king georgefather queen elizabeth delhis rajpath renamed kartavta path queen couldn' handle trauma modi cry britons,positive
mythvsfact triple gods brahma vishnu shiva mortal must know fact dummy gods brahma vishnu mahesh cycle birthdeath,negative
queen elizabeth died age elizabethii,fear
husbands family nazi,fear
god rest soul peacequeen elizebth,positive
human emotional intelligence kindness integrity deepest condolences family queen queenelizabethii srin,positive
three ' possibly sudden cardiac death amp could related post covid effects heart,surprise
rip queen elizabeth heart queenelizabeth londonbridge,fear
saddened passing away queen condolences family british citizens may soul rest peace folded hands light skin tone,positive
common wealth group nations world remember part history dignity amp poise unparalleled share grief ppl britain amp may soul rest peace,positive
respectful homage queenelizabeth passing away yrs reign benevolent sovereign rare find impeccable headofstate queen hardly faltered performing duties democratic sovereign never allowed religion conquer state,trust
pictures queen elizabeth indian leaders prime minister narendra modi former prime minister indira gandhi former president pratibha patil former president narayan queenelizabeth queenelizabethii,positive
oaa aaaaii iaae naa aaii aani queenelizabeth unitedkingdom britain kingcharles,fear
deepest condolences royal family may soul royal highness queen elizabeth rest peace,positive
sincere apologies confusing edwina mountbatten princess elizabeth tweets queenelizabethii blame childhood misunderstanding poor memory since deleted tweets long edit button,positive
breakingnews england aaaaii 'aae iii britain queenelizabethii,fear
sending condolences indian dental industry royal family ripqueen may soul finds peace snkkaau,trust
lady kanganaranaut studied history neither got family freedom struggle india always compare freedom fighters amp struggle abuse disrespect openly official spokesperson,anger
deeply saddened passing majesty queenelizabeth thoughts prayers royal family people unitedkingdom omshanti queenelizabethii,trust
aau queen aani / apne aaaaii eaa iii vjh aanii sob aan ieaa iaa,negative
godmorningfriday religious leader share new knowledge one heard told sant rampal maharaj started proven knowledge coming kaals trap along hidden divine power permanent happiness satlok one knew queen,positive
rip,fear
heartbroken passing majesty queen leaves behind extraordinary legacy fantastic example duty service steadfastness constant steadying presence flag united kingdom head state years,positive
posted photo royal pepper peeragarhi,fear
britain mourns death longest serving monarch queen elizabeth,fear
queen elizabeth died aged,fear
queen elizabeth passes away queenelizabeth queenelizabethii rest piece pray,positive
queen elizabeth britains longest serving monarch passed away age visited amritsar year queen died peacefully balmoral today may soul rest peace heartful condolences royal family whole united kingdom,positive
indian guy rejoicing death like lived god damn year thats gotta record something sorry break nice inspiring people around world read colonialism,surprise
rip broken heart elizabethii,fear
sad pray rip elizabethii,fear
death majesty queen elizabethll profoundly sad moment commonwealth world life one extraordinary dedication service convey deepest condolences king royal family,positive
rip bouquet,trust
rip queen elizabeth february september age ripqueenelizabeth,fear
queen elizabeth uks longestserving monarch died balmoral aged reigning years queenelizabeth queenelizabethii spm,fear
mourn queen elizabeth kingdom heard support kids pandemic felt like grand mother healing supporting love heart regards queen princess riprose,positive
heartfelt condolences british public family queenelizabeth realise queen duty past seventy years great testament life shanti,trust
yes irreplaceable queen else folded hands light skin tone,fear
rip disappointed,anger
anushka one even queen waiting 100 rip queenelizabeth queen elizabeth rest peace rest peace,positive
hate monarchy long oppressive history able hold legacy responsibility landed grace remembered generations people allowed mourn peoples death may rest peace queenelizabeth,positive
queen elizabeth died aged,fear
unsc pays homage departed british queen elizabeth counsellor diplomat representing india,negative
united kingdom excellent destination students pursue career psychology apply top universities get info info studyinuk studyabroad studyinuk ielts education studyoverseas studyuk,positive
aaaaii iaae aaii iin aani pray queenelizabeth queen queenofengland,fear
queen elizabeth already lived peace today know rest sleepy,positive
rip glorious gracious lady ' royalist always held queen elizabeth highest regard human despite tumults family maintained poise grace decorum decency kept standard flying high,positive
would ruled dhoom queenelizabeth house britan second name queen commonwealth mother princes underground provider chains rip folded hands light skin tone queenelizabethii queenelisabeth yrf dhoom hrithikroshan,trust
national anthem would change god save king god save queen,positive
aani bouquetemoji modifier fitzpatrick type elizabeth,fear
aaee aaaa aaaa ihii eeii ihii aaaa / queen expired kamaalskalm queenelizabeth queenelizabethii,negative
british queenelizabeth elizabethii passes away visited india rip queenelizabethii smkjol,fear
queen elizabeth died buckingham palace announced thursday ripelizabeth queenelizabethii britain pray,fear
ancestors died fighting freedom queen' family people cheering legacy forget jallianwala bagh bengal famine partition,negative
great respect queen queenelizabethii,trust
lowkey disappointed throne didn' directly pass william tho hoping queen could pull another decade,positive
khbr kaun faila rha hai form bapas dekhkar queen elizabeth mrityu viratkohli,fear
god save bad queen jokes,fear
meanwhile indians busy repurposing joke funnier philip died coz joke fresh incident harry meghan separating family,negative
"""queen elizabeth died aged "" sxuyshpfr",fear
love british twitter humour next level remember spectacular job philip died spitting better content queen passing,positive
majesty queen served country tirelessly years rest peace ',positive
prayers thoughts royal family people commonwealth countries queen decades prime minister rest peace majesty queenelizabeth ripqueen,positive
majesty queen elizabeth died peacefully balmoral life full history triumphs steadiness poise celebrated countless around world mourn loss great monarch queen restinpeace,positive
enigmatic dutiful dignified dedicatedmost respected famous clicked woman world adjectives galore queen thought would live forever passing away indeed saddening ripqueen queenelizabeth,positive
queen elizabeth died years old rip queenelizabeth,fear
queen elizabeth britains longest serving monarch passed away age visited amritsar year queen died peacefully balmoral today heartful condolences royal family whole united kingdom saddemise queenelizabeth,trust
queen dead long live imperialism queenelizabeth,anticipation
dadi queenelizabeth chali gayi kohinoor pehen wala koi hai nahinerd face justasking anyways rip queen elizabeth shanti,fear
time change face currencyqueenelizabeth,fear
aaaaii iaae iii / queenelizabeth british elizabeth elizabeth elizabethii elizabeththelast,fear
watchingthe crown got know queenelizabethii life story queen,fear
indias emergence world stage would one main forces shaping century queen elizabeth banquet hosted honour visiting indian prez pratibha patil,positive
note return colonial loot start kohinoor give away rock africa queenelizabeth queenelizabethii british raj,positive
unsaid competition mdh vale chacha amp queen indians know joy queen fine margin lived graceful life indeed rip,positive
sad news queen elizabeth passed away age years prime ministers one queen crown end era queenelizabeth queenelizabethii,positive
queen elizabeth died aged,fear
king got century queen missed,positive
may soul rest peacepray years february september prime ministers one queen flag united kingdom queenelizabeth smyywoz,positive
rip queen elizabeth pray queenelizabeth,fear
ghulami nishani mitane chale bolo kaun queen face raised eyebrow,fear
kartavyapatha kartavyapath netaji subhashchandrabose centralvista avenue indiagate statue revamped inauguration queen elizabeth era historic night,positive
decades prime ministers queen rest peace queen elizabeth bouquet queenelizabeth queenelizabethii englandwomen,positive
took visiting charges without servicing without sorting issue unfortunately travel family needed assistance failedyou need better service peoplesomehow happened last year tooservice team reluctant ill trained window acspls sort,fear
majesty queen died buckingham palace announced london bridge fallen rip rip riphermajesty ripqueen ripqueenelizabeth ripqueenelizabeth queenelizabethii restinpeace restinpeacequeen ripqueen queenelizabeth queen,trust
introduced queen elizabeth years ago goodbye lady british postage stamps rest peace rip queenelizabeth syfsrshe,positive
bachpan queen dekha tha mein childhood dead expressionless,positive
monarch working right end yrold never stepped back always dignified amp calming influence amp devoted mother grandmother amp great grandmother amp wasn' even meant queen truly remarkable woman reunited phillip britannia queenelizabeth,positive
queen died peacefully balmoral afternoonripemoji modifier fitzpatrick type queenelizabeth queenelizabethii sqrq,fear
aaaaii 'aaethii / iiaaii onain onon iaaii iin / queenelizabeth queen britain,fear
london bridge may queen elizabeth rip,fear
mother diagnosed ovary march one incident restarting periods menopause met gyane didn' prescribe scan india flag india happens battling hard deathpleading face,positive
rip queenelizabethii,fear
queen waits receive liz truss drawing room moments inviting form new administration become queen' prime minister stcotohxajqm,trust
queen elizabeth truly great human warm affectionate kind hearted deeply dedicated committed duties people may god bless soul folded hands medium-light skin tone queen dead long live king queenelizabethii,positive
queenelizabeth reality queen couldn' handle pressure statue placement netaji subhash chandra ancestors king george standing long time grin queen,positive
rest peacedeep condolences queen elizabeth britains longestserving monarch passed away age years throne queenelizabethii theroyalfamily,positive
royal queen always fondly remembered...,fear
"queenelizabeth queen elizabeth ""queen elizabeth died aged """,fear
rip queen elizabeth crown fly high dove peace,trust
shocked learn passing away queenelizabeth recall visit india hardly lakhs delhites came streets passed thro open car rajendra prasad followed duke nehru rip queenofhearts,positive
seriously buckingham palace moment queen died ' like waited ripqueen queenelizabeth queenelizabethii elizabeth buckinghampalace royalfamily,fear
rest peace queenelizabeth god bless queenelizabethii elizabeth,positive
theek hai queen may soul rip... lekin plz aaj kohli century khushi mnane kal krenge mourn queen liye folded hands light skin tone,negative
rip majesty queenbroken heart rip riphermajesty ripqueen queenelizabeth restinpeace ripthequeen ripqueenelizabethii ripqueenelizabeth ripqueenelizabeth ripqueen rip restinpeace ripqueen sgvedoue,trust
likely heard news buckinghampalace announcing death majesty queen elizabeth would like offer deepest condolences royal family unitedkingdom sad time pray durgesh surya londonbridgeisfallingdown,positive
family prayer new delhi sljquqot,fear
rip pray,fear
aaii iii 'aaaa / / rip queenelizabeth,fear
aaii ' aaii queenelizabeth elizabeth queen,fear
may majesty queen find suitable place pious feet guiding gods always endlessly queen elizabeth queenforever,positive
king saul cucaracha arrived buckingham fastest transition power royal family history unprecedented scenes crown,surprise
queen gone kohinoor returns blue heart viratkohli,sadness
rip queen queenelizabeth,fear
rip,fear
rip queen elizabeth shanti pray,fear
deeply saddened demise majesty queen elizabeth offer deepest condolences royal family wish may legacy keeps inspiring coming generations queen shall always remembered love rest peace queenelizabeth,positive
deeply saddened demise majesty queen elizabeth deepest condolences royal family rip queenelizabeth,fear
looses queen longestserving queen,fear
saddened hear demise queen elizabeth may god give peace devine soul,fear
breaking news british queen dead elizabeth sip,fear
may rip tulip queenelizabeth,fear
rip queen elizabeth queen elizabeth died aged,fear
rip folded hands light skin tone bad news sir kohinoor waapis aao please restinpeace queenelizabeth shockingnews breakingnews queen,fear
brand new monarch couple days brand new britain uncharted territory,fear
majesty respect one passing away magestic queen aaih / iuuaa / notourqueen restinpeace,trust
end era rest peace queen queenelizabeth,positive
queen elizabeth britains longest reigning monarch dies ndtv,fear
dearest queen elizabeth left journey heavenly abode announces royal family rest peace pray,positive
queen elizabeth united flag united kingdom kingdom passes away pray,trust
many years later london madam tussaud attend elaborate ceremony meet royal family end told met queen person shook hands stating finally met someone met herqueenelizabeth,surprise
knows queen nomore maybe tomorrow feminism die feminist went shithole stuck tongue winking eye ganda hai par isse jyada nhi jhela jata ripjudiciary riplaws genderbiasedlaws,fear
passing queen elizabeth era ends may soul rest peace queenelizabeth,positive
rip queenelizabeth,fear
end era queenelizabethii rip raised hands royalfamily,fear
queen elizabeth updatesqueen elizabeth britains longest reigning monarch dies ndtv smm queenelizabeth,fear
rip queenelizabeth,fear
aaaaii iaae aaii smy iiaa iin onon unke inaa onon rhne maharani britain omsanti britainmaharani,fear
rip bouquet queenelizabeth,trust
rest peace queen elizabeth celebrating life death story resilience matriarchy successes mistakes many milestones whether loved hated ruled years queenelizabeth made history amp inflection point,positive
aaaaii iaae iii / onain aao aaaaii aan / queenelizabeth elizabeth britain breakingnews sxmxsdnfn,fear
deepest condolences royal family lovers followers british queen elizabeth,fear
diana princess wales inaa oii queenelizabeth londonbridge london queen rip diana,positive
queen elizabeth first winston churchill amp last elizabeth truss reign saw british pms,trust
ripemoji modifier fitzpatrick type 2emoji modifier fitzpatrick type,fear
queen,fear
she' queen consort dislike much wearyweary don' dislike sautans that' quite something,anger
iiaa aaiaai britain queenelezabeth kmmuniyappa bjpleader cmbommai koratagerebjp,fear
rip,fear
queen elizabeth britains longestreigning monarch dies aged aaaaii iaae aan,fear
queen england passed away tribute bouquet bouquet elizabeth,positive
virat kohli today' match goat viratkohli viratkohli goat kohli indvsafg kingandprince kingkohli king queen back asiacupt asiacup asiacup,positive
that' sad elizabeth queenelizabeth queen londonbridge princecharles hermajestythequeen rip pray,fear
queen gone kohinoor returns heart queenelizabeth viratkohli,fear
queen dead long live king,positive
queenelizabeth years ago opportunity rare interaction queen visit dukes question paper published tribune controversy apology jallianwalan bagh raging said amritsar,positive
deeply saddened passing majesty bouquet queenelizabeth queen,trust
rip queen queenelizabeth,fear
rip queen elizabeth longest living monarch british history princess decades prime ministers queen queenelizabeth restinpeace bouquet stcozurgqce,positive
chennai express jaise rahul dadaji sachin dekhkar clean bold jate hai mujhe kohli century aur queenelizabeth death khabar sunkar yahi yaad gya bhi england govt humara kohinoor wapas dete jana,positive
rest peace queenelizabeth elizabeth elisabethii,positive
heartfelt tribute queenelizabeth rip prince charles immediately becomes king,positive
indian prime minister extends condolences demise british queen elizabeth remember india part commonwealth grouping headed queen,positive
end die matter much powerful many people exploited got killed look upon like race colour region religion death reality entire life based arrogance ago false fraud,negative
queen elizabeth dies age narendra modi unveiled statue netaji subhas chandra bose india gate virat kohli scored international hundred graham potter became chelsea manager queenelizabeth kohli indiaat chelseafc,trust
irish would sober day celebrate day queenelizabeth,fear
britain' longestreigning monarch queen elizabeth dies queenelizabeth queen royalfamily,fear
britain aaaaii iaae aan rip queenelizabeth,fear
"buckingham palace released following statement ""the queen died peacefully balmoral afternoon king queen consort remain balmoral evening return london tomorrow"" rip queenelizabeth",trust
rip queenelizabeth,fear
london bridge fallen rip,fear
rip,fear
rip queenelizabeth queen syjfjhd,fear
long live queen reign part existence many generations passes away queenelizabeth,positive
rip queen elizabeth,fear
world breaking queen elizabeth britains longestreigning monarch passes away aaaaii 'aaethii / skah,fear
breaking queen elizabeth died aged,fear
queenelizabeth passed away today may god give soul rest peace rip queenelizabeth elizabethii,positive
shocking news britain celebrated big bang birthday queen sfxyqwq,surprise
aaaa /,fear
queen marne chhuti nahi mil skti kal office,fear
queen left world tweet timing stopwatch sztvp,fear
aaaaii 'aae iin elizabeth nomore,fear
rest peace elizabeth second queenofengland queenelizabeth bouquet,positive
aaaaii iaae iii aan rip queenelizabeth bouquetemoji modifier fitzpatrick type 2emoji modifier fitzpatrick type,fear
end era queen elizabeth died peacefully buckingham palace today rip queenelizabeth queen elizabethii,fear
sad news queen elizabeth passed away years old pray god give soul rest peace elizabethii,positive
sincere condolences passing majesty queenelizabeth one void impossible fill rip pray,trust
queen elizabeth bhi itne saal zinda thi taki kohli aur century dekhke jaaye viratkohli queenelizabeth,fear
queenelizabeth szvf,fear
rip queen elizabeth praypray,fear
britan aaaaii 'aae / ripemoji modifier fitzpatrick type queenelizabeth queen skyhf,fear
years -- prime ministers -- queen extraordinary woman remarkable life watch operation london bridgeoperation unicorn take effect prepare sad news unbelievable royal legacy flag united kingdomheart queenelizabeth queenelizabethii royallegacy,positive
britan aaaaii 'aae / ripemoji modifier fitzpatrick type queenelizabeth queen,fear
queen' dead get kohinoor back,fear
congratulations dear cute daughter princess god bless family members thumbsupflag india sgbeenth,positive
aaaaii iaae uuaa onain aao aaaaii aan elizabeth queenelizabeth breakingnews,fear
bigbreaking aaaaii iaae smy iin iiaa queen elizabeth passes away elizabeth rest peace ukqueen buckinghampalace,positive
' monarch past decades queenelizabeth passes away age queenelizabeth queen,fear
part childhood adulthood nowapproaching middle age reigned countless excesses colonies charmed many disarmed mean many family members loved dogs horses queen someone thought knew,positive
aaaaii iaae onain aao mhl elizabeth breakingnews queenelizabeth breaking,fear
queen elizabeth passed away age buckingham palace announced,fear
britain aaaaii queenelizabeth /,fear
congratulations dear son family members,positive
queen feels illegal know happen mean queenelizabeth,fear
queen passes away per buckhingam news,fear
breakingnews uks longest serving monarch queenelizabeth passes away age queen swjbknx,fear
long live queen...rip queenelizabeth...end era scybwfx,anticipation
rip,fear
britains queen elizabeth passes away age years balmoral castle scotland elizabeth queen,fear
breakingnow aaaaii queenelizabeth britain queen,fear
queen elizabeth longestreigning british monarch dead queenelizabeth ripqueenelizabeth elizabethii,fear
queen,fear
queen elizabeth longest reigning monarch british history died,fear
humble tribute ram jethmalani death anniversaryremembering legend magnanimous amp unfading contributions legal fraternitywords enough describe fearlesscourageousoutspoken amp unapologetic personalityhis principles continue guide,positive
rip queen shanti pray,fear
queen elizabeth longestserving monarch british history died rip queenelizabeth queen elizabeth,fear
rip smdgkwvsfy,fear
queen elizabeth longest reign monarch british history died,fear
death turning point destiny jampkafter worthy son took terrorism got roots kashmirethnic cleansing kps started,fear
' historicthe inauguration kartavyapath marks departure tradition talking rights amp entitlements path remind citizens responsibilities kudos jithe true karta national family creative imagination spptxoh,positive
sir people days making silicon statue deceased family member talki want make talkthis possible monitoring talking behavior person time help chatbot dis wondrous immortality,positive
feeling anxious saw many cases sudden cardiac arrest national news please stay safe stay healthy learn give cpr maybe save someone may souls rip,positive
cold sweatcold sweat seriously rolling floor laughing,fear
rip queen elizabeth loved heartyour performance dhoom,fear
thanks keep blessing side love airtel family suicmtpcc,positive
queenheartbeat shraddhaarya,fear
exclusive first reaction workers labours meet thankful great day spent day night one year yes definately bring family jan centralvistaavenue,positive
crowncrown,fear
sir entire world outside india watching bbccnn due queen issue empire strikes back ironical sad way kartavya path day,trust
indian origin ministers prime minister liz truss cabinet stwaz,trust
"' talking queen friend listens conversation says "" ' another season crown""",trust
praying praying praying queens healthsobpraypray,fear
santrampaljiincarnationday god kabir told dharmadas kalyuga pass come merg sects run true sect kabir panth soul get rid birth death cycle satbhakti dhrtii avtaa,fear
got loooooong phone call discussing mutual love queen haters please excuse,positive
queen elizabeth appointed elizabeth liz truss british two days ago elizabeth prime minister reign yearold queen elizabeth stcoruhmkz,trust
remember used come back college delhi train station people used arguing amp shouting much family members like,fear
favourite mine,fear
queen pivotal figure many brits she' always there...,fear
kya bola sanskriti bhul rahi abhi haridwar hoke aya hoon bhai family sath teeka bhi laga hua hindu culture dekh dhyan relaxed,positive
wishing queen speedy recovery mending heart,positive
removed cloth sakina beheld face even death full heavenly grace cry flung wooden tray hugging heart snatched face away tskhyniqlbihsynskhynh hashimite princess ruqaiyah bint alhussain,positive
sakina loved uncle much madina would several times day visit house hazrat abbas lived family mother ummul baneen tskhyniqlbihsynskhynh hashimite princess ruqaiyah bint alhussain,positive
queen' doctors concerned majesty' health buckingham palace statement sgyedwle,trust
bhai indian hai rolling floor laughing waise kal achi dhulai hui hai suji hai,positive
lovely family pic heartheartheartheartheartheartheartheartheartheartheart,trust
pray,fear
pensivepensive kal pura lacture heart attack par dekha government sabko iske bare aware karna hoga cpr kese dete hai kese symptom pata karte hai pray really sad rip shanti,fear
stupidity feeded spoon infancy death,negative
must tied helmet belt sit back seat car make habit tying seat belt raising flame change heart awareness stop cheetah death road accidentswith noida traffic police roadsafety helmetman,fear
kid looks scared death rolling floor laughing who' handling twitter page,fear
would bury death planet,sadness
vvsad newsbabaji mehar karae unkae pariwar mairippray,fear
ways different destination way thinking different soul body different points view samewe love expression different family different love finally twitting delhi sneyer,positive
panjab yearold hacked death nihangs near golden temple amritsar morning allegedly smoking outside hotel,fear
team jec wishes family happy onam blossom happyonam,trust
financial crises creating huddle saraswati higher education govt attention poor family jajapur block badachana requested sir please look matter,positive
today death anniversary drv kurien born nov kozikhode keraladied sept nadiad gujarat worked directly communications man operation flood years many stories read linkedin snbxdce,fear
book ola cabs option asks whether book cab family member case uber app would request uber please enable option app also update,positive
totally agree especially fans usually see gandhi family member amp retweets amp family obviously family endorse imbeciles twitter little real amp fair regulation,positive
bhavna part monthly familycafe since long time positive outlook towards ward sahil' life achievements something inspires choosetoinclude sparkles truly grateful part sob family star-struck splt,anticipation
wishing family loved ones happy onam onamashamsakal skaaam,trust
thoughtsol wishes family happy onam wish spirit auspicious festival stays everything thoughtsol exceedingexpectations onam happyonam pookkalam celebrationbegins harvestfestival festivalsofindia trending sjdghulv,positive
propofol new culprit many reports asverse effects death patints pgi chandigarh stcogyohgygtv,negative
onam perfect time family bond year' onam wish family good time happy onam happyonam onam onamcelebration onamspecial kerala india festival festive festivevibes festivewear occasions celebration celebrate shsok,anticipation
hello madam scheme noida survivors deceased parents bought property ndrd power attorney direct registration via new scheme kindly respond would help family stuck years waited,negative
wonderful onam may life filled abundance joy like onam sandhya happy onam family two hearts omam positivevibes goodbye,positive
everything matters hardwork everything growth important make follow legend music love icon king hiphop instagram queen singer instagood rap goat art follow football legends rip rock,positive
hope onam brings good fortune amp abounding happiness wish family frivolous onam happyonam onam,positive
sending warmest wishes family onam festival happy wonderful onam,positive
sant shri asharamji bapu iaa aae khte apne ion avsh krnaa aai / time remembrance tributetoancestors brings happiness peace prosperity family,positive
bhk floors omaxe royal street bahadurgarh apartment flat forsale sector residential property,fear
think women choice ever want wear hijab mostly wearing family amp community pressure whats opinion,positive
name alka surname jacob balancing bharat without cost,fear
russia west europe lost super power tag forever,negative
protected family swlfqozcz,trust
day last month rakshabandhan harghartiranga independenceday throwbackthursday throwback throwback familia family familytime indrapuram amp vaishali ghz shdgijrjjb,fear
auspicious occasion onam wish colors beautiful lights fill home heart happiness joy may kingmahabali bestow blessing family happyonam pray globalmissionfoundation skg,positive
auspicious occasion onam wish colors beautiful lights fill home heart happiness joy may kingmahabali bestow blessing family happyonam pray globalmissionfoundation,positive
world horse racing lost greatest fan patron demise queen elizabeth king charlesiii although former polo player definitely actively involved horse racing like mother,trust
mark high respect queen elizabeth great personslity world ever,trust
indians proudly mourning queenelizabeth death looted india flag india made india slave finally broke india pieces handing organisation congress naive love everything western mentally slaves sdzu,negative
sure dignified queen problematic empire perfectly justified citizens former colonies absolutely indifferent right andor celebrate british monarchy ever,positive
mssmriti irani says daughter anyone else family connected silly souls goa cafe amp barhowever per wire connecting dots link attached reference stcopqgakswe,positive
indeed life made miserable obsessed amp sycophants drive kind media thirst content intrusive making lives misery driving paps kinds behaviour caused death mother following heir crown,negative
duty yes cannot criticise sense duty like job duties expected perform carried rewarded handsomely enough haven' seen anyone personally celebrating death pretty darn shameful,positive
may soul rest peace sending condolences entire family friends loss,positive
"film target india power man sai nagraj films music films ltd present ""trget india"" music released song kahan chale kahan chale ganpati pati bappa morya singerneelam narayan arun bakshi music happyanntchaturdashi",positive
pleasure buddy welcome family also check twitter art buying parties hope get sale purple heart,positive
become queen got independence thinking face,trust
death age nothing number remain toes many good deeds possible,surprise
somehow glad people show ridiculous takes say rip someone won' ever able relate democracy relatable monarch joyjoyjoy,positive
sorry state government decided mourn demise queenelizabethdeath bother give even second ofy life news death respect motherlands history,negative
please return kohinoor queen,fear
would matter india demise enough british raj queen would indians mourn please make understand problem modiji queenelizabethdeath please respect history bjp stop srrq,negative
people crazy things families love mostly blind love family human try forgive people much,positive
rest peace majesty queen elizabeth world miss constant presence amp beautiful smile pray,positive
life gift world forever hearts never forgotten rest peace queen princeemoji modifier fitzpatrick type queenelizabeth,positive
kamalnath another puppy following master ... lot people praise family similar reasons,positive
whose family built india mind built india great grand father grand father contribution india live don' ever say built india ... ridiculing contribution many,trust
one butcher family history mankind,fear
prasidh strict considering death skills bumrah mohsin automatic picks still worry third pacer bowl accurate death,fear
mumbai bhagalpur liye durga puja aur chhath liye koi special train jald ghoshna karen,positive
haha love,positive
sgvrpp... may explain fit amp healthy people athletes soccer football players tennis players affected sudden death adrenergic myocarditis catecholaminemediated stress cardiomyopathy heart muscle injury caused catecholamines,negative
queenelizabeth imperialism british worst kind destruction loot crime every sort inflicted queen represents didn' apologise massacre pride pomp shamelessness regal signs british monarchy,negative
shocked see indians sad demise monarch later remembered people worship amp offer blankets grave mass murderers rapists terrorists etc recently decorated grave yakubmemon queenelizabeth,fear
new dreamer heart fire warcraft fire eth war endless loop death sorrow dead seen end war stcoggpidsxd,fear
yes,fear
deepest heartfelt condolences royal family loss royal highness queen ellizabeth,sadness
rip queenelizabeth,fear
' happens every single time world stops apparently according british media 'news' royal' passing ' saying ' news ppl care ' news,anticipation
don' celebrate death wrong equally able express alternative view life amp role monarch well newsworthiness others endlessly fawn woman behaved exactly expected,negative
told yet queen dead can' read room,fear
honble supreme court give bail italian queen amp incompetent son arrested national herald case,fear
soccer football players tennis players affected sudden death adrenergic myocarditis catecholaminemediated stress cardiomyopathy heart muscle injury caused catecholamines,negative
hello bigots indians means rightwing bhakts british rulling country late queenelizabeth pray would around yrs old girldo think see play role colonialism india rss role indian independence giving gyan nation,trust
really management queens road closing chocking marine drive mumbai traffic police loves messing traffic decades karve road fastest anant chaturdashi today messed marine drive construction ganeshchaturthi,trust
dear queen elizabeth miss always love virtual grandma hoping soul finds way earth queenelizabethiimemorial,positive
happy birthday reyansh golu beta big brother cute son dada amp dadi mata rani bless love beautiful family heartsballoontada,positive
might finally make money box office britain canada,trust
queen pride long live queen mare tumhare dushman bye,anticipation
good day wonderful family todays task share picture video places sidharth took ritamaa sidharthshukla create chain three people share stcoobcucog,positive
yesterday declared end colonialism suxzb,fear
indian tricolour flown half mast mourn queenelizabethii ' death biggest joke ever delivered,negative
queen dead long live queen least institution spear headed years queenelizabeth ripqueenelizabeth royalfamily royal monarchy,anticipation
yesi found idiots today writing rip queeninspite knowing lives people sacrificed british rule totally illogical,trust
rip indians hailing queenelizabeth,fear
remember visitthe royal couple past old house main toli chowki road previous night amused find security guard giving two gates fresh coat paint according eminent persons would passing flushed,positive
forgot ask queen manage center attention years wanted tips,positive
indian freedom fighters watching indians sad write rip queenelizabethii social media sbgvohmhmw,trust
indeed stewie griffin queenelizabeth queenelizabethii londonbridge monarch england colonialism spqjeqis,fear
britain mini pakistan already sharia replacing parliament,trust
india marching ahead vision modi congress cant free shackles one family bjp rocks love-you gesture light skin toneregional indicator,positive
condolence respect death majesty queen elizabeth,positive
queen elizabeth vehemently refused abdicate thought would never perhaps see king charlesbut finally king big big wait,positive
signing book condolences death queen elizabeth residence british high commission led quiet dignified example touched many lives long reign suaimhneas siorai hanam,positive
news queenelizabethlls death sept shoked pray peace bouquet,trust
mean person humble background works hard make good money can' wear nice clothes ... privilege people born decent family wear expensive branded clothes,trust
even rip rot hell,fear
queen family,fear
even lalbaugcha raja devotional trip help ranbir singh instead took least people crowd waiting line darshan vip entourage would given real blessings would gone see movie family,trust
great tributes amp salutes world highnessdignity majesty britishqueen elizabeth world fame personality britainsqueenelizabeth world history records longest yrs reigning top royal monarchydignity finallyqueen breathed lastamp forever left world,positive
always recognised majesty royal comand saw reaction estimate gold cup standing ovation unforgettable ripunamused,positive
queen please get kohinoor back,fear
respected sirs greetings struggling renew mine amp family app june amp aug completed appllicant aug still pending kindly needful resolve issues best regards pray,fear
message royal patron dear sophie behalf pay heartfelt condolences hve visited many times feel much people love admire respect connect wth majesty great leader,positive
isn' vile mohandas family,fear
homege queen elizabethii god give peace soul shanti shanti,trust
summer vacation visa mind,positive
kuch bhi never quite understood statement remarkable tenure decisions taken parliament figure head queen remarkable independently time change taxi driver,trust
bjp called mourning masters death seen,negative
would say good time britain serious conversation monarchy looking last two big national debates--brexit boris-- think one wait little longer,anticipation
philip dead remains stored vault transfered final resting ace queen died weird even death wait queen die could properly buried queenelizabeth,negative
even azadi amrit mahotsav mourn 'her majesty' death' democratic country hypocrisy much scngrgt,negative
look feel kingly special wedding royal gtc designer sherwani gives magnificent essence ensemble boom buy click stcoctqzvxklpo,positive
auspicious occasion anant chaturthi may bappa shower blessings family may fill lives happiness harmony joy peace childhelpfoundation ganpatibappamorya anantchaturdashi pudchyavarshilavkarya,positive
ganpati bappa morya folded hands light skin tone first ever darshan lalbaghcha raja family raising hands medium-light skin tone,fear
kindergarten turned british slave neck breaking tight collars manners silent discipline high time india time bring back indian cultural heritages lost glory back british colonialism shrfmor,negative
sincere condolences royal family following death majesty queen elizabeth,trust
offence queen twitter damn funny today,anger
government give compensation relief damaged vehicles death amp inquiry caused person due bad infrastructure roads citizens impose fines amp collect taxes,fear
damn rest peace queen elizabeth,positive
natakbaaz pappu alias trying hard candidate taking support hired workers alongwith brotherinlaw family dynast intrest loot india happen truth poor pappu alias fails show true colour,trust
proudly two modaks family ganpati event craving stretch couple days later decided order online ended getting sandesh shape modaks sob serves right ordering sweet bengal suppose cry,positive
said queen dead shmpfcen,fear
imposing fines citizens sake safety good government poor infrastructure bad roads amp potholes main cause accident amp death,fear
end era queenelisabeth elisabettaii queenelizabethii queen,fear
"""queen elizabeth died aged "" sjt",fear
queenelizabeth humble tribute queen longest serving monarch sge,positive
queen symbol democracy heard first,positive
pay tribute queen elizabeth death specially asking question point jaishreeram heart queenelizabeth ripqueenelizabeth ripqueen,positive
tuchel elizabeth,fear
modiji calls rss headquarters nagpur sad news queens demise sobsob,negative
dont allow kids touch ice cream freezer cost may time pass electric wavesplease watch video share family friends aware pls forward specially parents sfp,positive
sidharthmalhotra along producer bhushankumar ashokthakeria director indrakumar special trailer preview upcoming family entertainer thankgod bhushankumar krishankumar ashokthakeria shivchanana scsjcuad,positive
india marching ahead vision modi congress cant free shackles one family,positive
happy onam family,trust
fir gujrat log death chuka kya,fear
born kshatriya kul jain family jainism exists lacs years pre mahavir swami,fear
drama queen drag queen,fear
queen elizabeth dies day king' way changed kartavya pathn still want live englis established colonyall changes cominghv patiencemodi total overhaul british era names likes,positive
nata tha mere baap dada rss main unhone bahut seva thi queen joy,positive
rip queen elizabeth,fear
privilege meet queen gentle engaged focusedrippray swzu,trust
irish commonwealth twitter splits absolute splits,positive
"indians getting sad mopey thanking queen service 'all need history lesson don' tell monarch paper didn' anything oversaw participated lot heinous crimes throughout ""commonwealth"" neutral face",trust
happy death queen england rather sad however also cant forget fact ruled country looted wealththe wealth enjoy today afford royal life may god bless empathy heart next birth,positive
queen elizabeth passes away glorious reign years committed monarch england seen great change watchful eyes king charles reign begins god save king,positive
didn' general feeling one gets times bullies obsessed life don' know scorn dares show anything adoration amp sympathy woman amp family never knew amp knew coz forced since birth,trust
woman extraordinaire rip queen elizabeth pray queenelizabeth queenelizabethii ripqueenelizabeth queen,fear
politicians deemed fit rule nations national kingdoms need kings queens rule nation national kingdom saint king queen natural heirs saint gods heirarchy,trust
queen elizabeth created history longest ruling monarch history personified,fear
actually never issue individual family don' know chance major desire wish know human ' principle monarchy cannot support,positive
renamed day death qeii providence would say,fear
iiiaa queen ripri lgtii uaaii iin aae,fear
gnnpti aaaa oaa uaa lvkr immerse ganesh idol occasion anantchaturdashi may lord open new ways better brighter positive future family anantchaturdashi ganpativisarjan lordganesha shreejisharangroup,positive
since queen dead indian govt back kohinoor,fear
expect modi talk abt leave matters resolve,surprise
rich tribute queen elizabeth pray god noble soul rest peace heartfelt condolences bereaved family people england,positive
great tributes amp salutes world highnessdignity majesty britishqueen elizabeth world fame personality britainsqueenelizabeth world history records longest yrs reigning top royal monarchydignity finallyqueen breathed lastamp forever left world,positive
rip queen elizabeth princess queenelizabeth queen queenelizabethii,positive
queen elizabeth apollo bunder first visit india facing taj mahal palace hotel spot half century later queen queenelizabeth elizabeth bombay rip sckmbngd,positive
auspicious occasion anant chaturthi may bappa shower blessings family may fill lives happiness harmony joy peace anantchaturdashi vikramadityarealty ntctuii,positive
strong woman mind amp body rip queen elizabeth question monarchy outdated charles last 'monarch' ripqueenelizabeth queenelizabethii monarchy outdated kingcharles,positive
queen elizabeth words - video obituary,negative
"""achievements today stepping stones future ones"" ewfcl crew gave another astounding logistical service delivered transformer components bharat bijlee saturdaysunday thanks outstanding teamwork east west family sbumccnv",trust
himadri chatterjee senior managing partner iifl wealth talks inclination toward 'alternatives' noting indian family offices may allocating measures impressively american family offices,positive
double rainbow appeared heavy downpour palace members public gathered pay respect queen queenelizabethii stconqpfavs,positive
rip queen elizabeth queenelizabethii queen elizabeth died aged,fear
londonbridgeisdown rest peace queenelizabethii inspiration lot people across world strength family commonwealth realmsshe headed last years,positive
rip queenelizabeth,fear
'edward viii abdicated george queen elizabeth got chance came line throne became favourite like much nice lady nice luck thi avenue throne par chari gaey luck',positive
rest peace queen elizabeth sparkling heart,positive
death hurt attachment hurts ignorance matter much fearstill dieso die fear!? must listen simple solutions amp mantrasofsuccess sant shri asharamji bapu stay happy arrow heading serrtv,negative
king wapas agya queen chali gayi crown queenelizabeth viratkohli kingisback queen ripqueenelizabeth,positive
finally innings dear mother long years anybody heard thing even met newly elected liz truss actually got see queen amp prince philip way back calcutta grand old lady may soul rest peacefolded hands medium-light skin tone folded hands medium-light skin tone,positive
england agli queen bahujan samaj chahiye mondal chicha,fear
bhai kisi maut mazaak mat udaao queen highly revered personality,fear
rest peace queen elizabeth flag united kingdom condolences royal family queenelizabeth,positive
tribute queen elizabeth condolences british nafo personel death great loss great britain also whole world last true monarch earth staunch advocate world peace may rest peace,positive
"warms heart read outpouring tributes late queen elizabeth ""the personification duty grace"" ""she paragon fortitude nobility"" ""she packed mean left hook""",positive
well never biggest fan british monarchy horrific colonial past tendency breed pedophiles nothing personal queen always dignified took jokes stride except charles,fear
queenelizabeth rip queen elizabeth folded hands medium-light skin tone,fear
remember going cover queens visit cardiff student reporter speaking small committed group antimonarchy protesters amidst schoolkids grandmas lining street thoughts protesters morning lechyd,trust
bus provided mumbai airport board craft gate traveling wet bus seats unfriendly vistara staff told shooed casually damaged clothesand similar seatsvery bad customer service,positive
may royal highness rest peace journey light grace glory queenelizabeth ripqueenelizabeth,positive
queenelizabeth queen government return jewels treasures looted india british raj thinking face,fear
queenelizabeth queen elizabeth died september balmoral flag united kingdom age,trust
family betrayed embarrassed give preferences royalty bad badfamily,fear
also uncle asshole reason except money lies told along family indiansarelairs,anger
fact reason technology bad white people gay blacks worse animals like family lairs called royalty gofuckyourself,positive
privileged live long well lived life long live monarchy great britain rip,anticipation
social media whores use bankers family benefit enemies college government india whose ass gandhi indians lying gandhiisaliar britishindiansareterrorists,negative
privileged live long well lived life long live monarchy great britain rip,anticipation
ruthless family along ivy leaguers harassed fooled whore white woman still lying collusion indians india college liars government leaving picture schoolies lair,negative
also english indians family conspired cousins deceived knowingly hate mother dead deadmom,negative
invited government wales indians family conspired degree loser indian drug taking habit lead queen dying son colluding blood related indiansareassholes,fear
woh queen hai woh kuch bhi kar sakti hai,fear
queenelizabethiimemorial queenelizabethii queenelizabeth queen hermajesty,fear
mourning man utd loss gtgt lizabeths death,negative
privileged live long well lived life long live monarchy great britain rip,anticipation
privileged live long well lived life long live monarchy great britain rip,anticipation
return stolen diamond thenproblem solvedbritain prime ministers queenelizabeth kohinoor,positive
privileged live long well lived life long live monarchy great britain rip,anticipation
privileged live long well lived life long live monarchy great britain rip,anticipation
ripqueenelizabethii queenelizabeth queenelizabethii queenmary britishroyalfamily royalfamily buckinghampalace thequeen godsavethequeen britishroyals hermajestythequeen windsorcastle britishroyalty monarchy queen royals,fear
privileged live long well lived life long live monarchy great britain rip,anticipation
ripqueenelizabethii queenelizabeth queenelizabethii queenmary britishroyalfamily royalfamily buckinghampalace thequeen godsavethequeen britishroyals hermajestythequeen windsorcastle britishroyalty monarchy queen royals thecrown britishmonarchy,fear
rest peace majesty queen elizabeth queenelizabeth elizabethii,positive
bro family fought nehru,fear
happy birthday god bless family friends,positive
incredible amp truly celebrated life queenelizabeth loved colors amp lived every shade single lifetime... embodiment queen rest peace,positive
rip queenelizabeth flag united kingdom queenelizabethii queenmary britishroyalfamily royalfamily buckinghampalace thequeen godsavethequeen britishroyals hermajestythequeen windsorcastle britishroyalty,trust
rip queen elizabeth bouquet,trust
queenelizabeth queenelizabethii queenmary britishroyalfamily royalfamily buckinghampalace thequeen godsavethequeen britishroyals hermajestythequeen windsorcastle britishroyalty monarchy queen royals thecrown britishmonarchy sbtfzszd,fear
majesty britishqueen elizabeth world wide popular,trust
rip queen disappointedfolded hands light skin tone,fear
privileged live long well lived life long live monarchy great britain rip,anticipation
queen elizabeth died aged really admired queen... rest peace folded hands medium-light skin tone,positive
ittncaa aaaaii iaae iii aann rdhpkaaaan aan aanaa oaa onnddmdhii aao iaaii aanii eaa rip queenelizabeth,fear
"""queen elizabeth died aged """,fear
"itv published trash clicks don' see applies queen elizabeth position queen ceremonial never ""ruled"" like monarchs used rule centuries ago know better",trust
queen' life spanned entire history modern britain born britain ruled global empire million people died britain mediumsized northern european country uncertain future,fear
queen elizabeth died aged sluzxd,fear
soon kohli got queen also gave away year reign rip,fear
rip majesty queen elizabeth united kingdom queenelizabethii queenelizabeth england unitedkingdom ripqueen ripelizabeth elizabethii hermajesty restinpeace,trust
met former minister amp yuva sena pramukh amp member parliament visit along family residence seniorvice presidentmumbai congress lord ganeshas darshan ganpatibappamorya ganpatifestival,trust
yeah energy crisis year old woman finally popped clogs let others freeze death tiny cold council homes winter everything else must put hold,negative
queen elizabeth passed away queenelizabeth elizabeth londonbridgeisfallingdown buckinghampalace,fear
queen elizabeth long remembered dignity decency public life unwavering commitment sincere condolences royal family people everyone around world mourning demise one greatest monarchs time,positive
deeply pained demise queen elizabeth longestreigning monarch united kingdom reign spanning seven decades prime ministers several major turning points modern history second elizabethan era come end,positive
death queen elizabeth princess oficially confirmed trendiest thing currently planet earth main changes happened riped include new king prince charles new king queenelizabeth queenelizabethii ripqueen,positive
abhi jana padega queenelizabethii,fear
today elizabeth ' death age marks start tumultuous days see queen buried nation mourn longestreigning monarch new king proclaimed,negative
sad queen elizabeth longest ruling queen london passed away today palace yrs old pay deep condolences amp pray peace soul bouquet rip queenelizabeth queenelizabethii elizabeth londonqueen potholewarriors,trust
much hate family physician,fear
condolences royal family passing away majesty queenelizabethii long glorious reign serving country utmost commitment dignity,trust
somehow understand people sharing condolences cannot life comprehend people borivali tweeted sad smilies rip queen,positive
end era rip,fear
saddened passing majesty queen elizabeth extend deepest condolences people amp royal family matriarch nation ruled hearts people seven decades home abroad,trust
rest peace queen elizabeth,positive
rest peace queen elizabeth,positive
condolences people royal family passing away majesty queen elizabeth queen elizabeth rest peace,positive
rest peace queen elizabeth,positive
hello dear reshmi happy onam family well,positive
rip majesty queen elizabeth end era,trust
may soul rest peace sending condolences entire family loss,positive
might get cancelled long lived queen queenelizabeth,anticipation
may soul rest peace condolences entire family loss,positive
years decades prime ministers queen majesty queenelizabethii commanded respect love amp pride people across world life lead like institution leadership today marks end era uploading disbelief passing away,positive
rip pray queenelizabeth kohinoor sjdxsqpp,fear
question sad queen dead,positive
queen emerge new state ssk,fear
one born world one day one today day salute heart sad death may almighty rest soulr,positive
people making jokes somebodys death funny scary reminders world slowly crashing,fear
day king returned queen passed life death sports queenelizabethii viratkohli rip longlivetheking,fear
respect unconditionally role model decades noone could ever match consistency service monarchy ever condolences people people around world influenced manner life ripqepray sqiyrlc,positive
sad news coming britain,anticipation
heartfelt condolences british people queen dignity longest reigning queen may soul rest peace pray,positive
year old see queen elizabeth may may laid yellow daffodil dress definitely shame invading countries also killing diana,fear
sad news pensive queen elizabeth passes away sad day,sadness
london bridge rip majesty queen elizabeth britains longest reigning monarch folded hands light skin tone queenelizabeth rest peace bouquetaauu aanii,positive
rest peace queen elizabeth,positive
years prime ministers american presidents cold war fall berlin wall world war longest serving monarch history queen majesty queen elizabeth saw unforgettable living history queenelizabeth queenelizabethii,negative
queen elizabeth died britain flag united kingdom record breaking rule world earth americas map ruling half free world smiling face adorned postal stamps currency notes highly acclaimed adored world earth americas,trust
rip headstone queenelizabeth kohinoorhamarahai kohinoor,fear
end epic era rip,positive
sad news era comes end rest peace queen,positive
yes spreading financial awareness education important blindly advocating one product fatal financial wellness entire family individual time financial advisors rise stop blanket selling mandate... naya scheme aaya hai,negative
longestreigning monarch british history queen elizabeth passed away peacefully age balmoral queen came throne served state years end era may rest peacepray queenelizabeth ripqueenelizabeth,positive
omg... never thought day would come frowning rip queenelizabeth,anger
london bridge rip majesty queen elizabeth britains longest reigning monarch folded hands light skin tone queenelizabeth srpjgl,trust
think people public figure loved let people mourn think family think children joy,positive
sad hear demise majesty queen elizabeth deepest condolences royal family may soul rests peace queenelizabeth ska,trust
remember seeing queens entourage passed dum dum airport calcutta towards city proper parents amp many others watching queen elizabeth amp prince philip passing open car waving visited hyd folded hands medium-light skin toneemoji modifier fitzpatrick type 3rip,positive
people need realise mocking anyones death funny twitter filled shameless weirdos,negative
grace constant amp dutiful queen elizabeth longest serving monarch years died peacefully may soul rest peace heartfelt condolences member british royal family amp citizens united kingdom,positive
hope going buried queen,fear
london bridge rip majesty queen elizabeth britains longest reigning monarch folded hands light skin tone queenelizabeth scch,trust
chalo kohinoor aur baaki chori kiya hua saaman bohot hua rip queen,fear
queen departs short century,fear
queen died loved cute little waddleshe gave warm grandmother vibe lose legend,positive
deepest condolences queen elizabeth died era queen ended elizabethii queenelizabeth queen read full article speeflg sbgkgv,positive
deepest condolences royal family people united kingdom may soul rest peace shanti folded hands light skin toneemoji modifier fitzpatrick type queenelizabeth,positive
shocking world respected publication like telegraph using queens death advertising opportunity sell subscription award winning journalism shameful shocking insane stcogqcwggubvb,anticipation
breaking queen elizabeth britain' longestreigning monarch died son charles automatically becomes monarch even though coronation might take place months queenelizabeth queen buckinghampalace queenofengland breakingnews london,trust
queen queen elizabeth almost decades big era sincere condolences people friends pray,trust
feel bad queen elizabeth passed away age uks monarch past yearsrestinpeace queenelizabethcry shmvc,fear
queenelizabeth rip madam pray god bless pray queen unitedkingdom,trust
rest peace queen elizabeth,positive
sad queen died without ever knowing happens final season crown,positive
truly era ended rip,fear
happy know longest serving anarchy worst ever monarch queen elizabeth died ripqueenelizabeth looted trillions money india directly responsible bengal famine killed indian burninhell,trust
finally rip,trust
sad hear death queen united kingdom queen elizabeth scotland today fond memories much british people loved pics queen' residence buckingham palace london portrait heathrow airport london,anticipation
rip,fear
rip rip queen elezabeth share follow mumbai,trust
queen elizabeth britains longest reigning monarch dies sshaawn indianow queenelizabeth rip breaking britain unitedkingdom queenelizabeth queen queenofengland rashamidasai sbvgnp,fear
queenelizabeth died aged breakingnews queen,fear
rest peace queen elizabeth journey you' had... elizabeth queenelizabeth,positive
queenelizabeth rip,fear
queens last official released photo lizz truss former photo captured congratulating latter elected next,trust
queenelizabeth rip,fear
woh sab toh theek hai par queen elizabeth mein india kohinoor wapas karne clause likha tha nahi yeh batao,fear
queen moh,fear
queen elizabeth passes away,fear
rip lizzie know would loved brahmastraverse,fear
queen elizabeth britains longestserving monarch dies years reign scotland aged rip,fear
heartfelt condolences family may soul rest peace,positive
left heavenly abode watching ' centuryemoji modifier fitzpatrick type fan ripemoji modifier fitzpatrick type scgcr,trust
london bridge fallen queen elizabeth queen elizabeth uks longestserving monarch died balmoral aged reigning years rip majestyemoji modifier fitzpatrick type queenelizabeth queen queenelizabeth ripqueenelizabeth royalfamily,fear
rip headstone szck,fear
queen elizabeth gone soon pensive,sadness
london bridge falling queen era queenelizabeth swnbpaeuw,negative
queenelizabeth rip,fear
rip rani sahiba pray,fear
waiting king kohlis century rip queen symbol srvagz,positive
rip prayqueenelizabeth,fear
queen elizabeth uks longestserving monarch died may soul rest peacem long live king,positive
rip lizzie least witnessed kohlis century,fear
long lived queen rip,anticipation
rest peace queen modern kingdom,positive
god save queen rip,trust
rip queenelizabeth stcovfengr,fear
saying todays match fixed kohli match fixed last years haters fuk ... fixed fixedmatch haters kingkohli,trust
queenelizabeth rip,fear
mulayam singh mayawati kcr badals congress sonia family abdulllas still many name bharat left loot,trust
royal bengal tigress famtmc,fear
queen waiting kohli' indvsafg queenelizabeth,fear
wishing best onam celebrations family may love culture tradition keeps spirit onam alive happy onam blossomwith loye rose,positive
collaborated amazon prime meet queen regent miriel watch new theringsofpowers cosplay collaboration lotronprime,positive
british slave family,fear
irish karte hai call joy,positive
definitely family much grand old party guess,surprise
meri bhi family kuch log fase huve hai silfhata par phone par pata chala hai baad jese halat hai pani bohat tezi raha hai logo beete huve dekha gaya hai apna khayal rakhoapno car shishe khule rakhe ruk surakshit jaga par jaye,fear
speaking head silhouetteadoption alert mega clapclappray females kittens month old adoption looking family take take love ever please point left location malad west mumbai share innocent adoption cats smmrv,positive
yet another propoganda attack mva govt done anything tomb ' family deceased managed cememantry lighting done graves stop spreading fake propoganda opposition stop creating issues hide real ones,negative
happy onam may onam bring amp family happiness joy bhattdental chembur chemburdiaries onam onamcelebration onamfestival festival chembur,positive
purav pailipada trombay mumbai maharashtra near royal palace hall,fear
diwali chitragupt coming play game life family thankgod trailer tomorrow cinemas october,anticipation
rip front camera resmi note series new update hanged redminotepro redmimobile android mobileupdate,trust
malayalam tamil talk husband' family,positive
wish happy amp auspicious onam family amp friends,positive
happy occasion onam may abundance joy live good health immense prosperity wishing happy onam entire family onam,positive
could cause death electrocution lock broken request please fix railway centrailway dadar ghatkopar mumbai localtrain mumbailifeline,fear
man family,fear
byjus board members even though decacorn family members fourth investor byju' explains corporate governance sucks answerable anyone snxeorg,trust
road accident deaths happen highways amp deaths due lack safety gear like wearing helmets seat belts even death giani zail singh former president india helped raise road safety awareness roadaccident roadsafety sghzimhsr,negative
gujarati family come onamsadhyathey asked waiter everything veg,fear
priced,fear
coverage tata sons cyrusmistry accidental death palghar surya river bridge speeding bmw hit bridge divider wall three lane road turned lane without blinkers reflectors sign boards narrow bridge ahead,negative
whether ankitasingh mattershe brutally set fire shahrukh therefore shahrukh deserves death penalty,fear
happy onam everyone may allah bless family always safe healthy smiles heartheartheartheart stay safe healthy,positive
tumto badi photographer lagti smile,trust
may joyous occasion bring amp family good health happiness prosperity onam justdispose ewaste recycling mumbai india festival simplifyingdisposal ewasterecycling reducereuserecycle,positive
mumbaipolice sources yakubmemon grave say lighting happened big night badi raat march marble laid fall big tree grave total people memon family graved marble site,negative
diwali chitragupt coming play game life family get ready grand release thankgod trailer tomorrow cinemas october bhushankumar krishankumar ashokthakeria,anticipation
family would love flight command,positive
wishing family happy onam lodha heavensdombivali east,trust
ucare health wishes family happy healthy prosperous onam onam happyonam,positive
enroute bharatjodoyatra shri meets family neet aspirant anitha ended life rahul gandhi expressed condolences amp support family sxfwecww,fear
giving sharing loving celebrating together - that' essence onam may year' onam celebration bring fun friends family pray happy onam pray skypathdigital onam happyonam,positive
happy onam alice family,trust
happy onam family,trust
diwali chitragupt coming play game life family thankgod trailer tomorrow cinemas october,anticipation
yeh congress chodo yatra hai days plan successful see ltd fake gandhis khan vadra family,trust
diljit dosanjh jogi trailer story love family friendship stars jogi directed trailer coming soon jogitrailer sdailycalpboard scyonquck,positive
thanks sir happy onam wishes family sir,trust
wishing beautiful colourful cheerful onam everyone may festive occasion bring along many smiles many celebrations familysparkles sto,positive
hiding behind seat beltsbut willing address faulty design issuesheavy vehicle menace driving left lanes trucks tail lightsno point boasting building new expressways cannot fix existing death traps,negative
happy onam family,trust
numerous examples throughout nepal dealings involving gurkha regiments however india always abided terms even others havent,trust
gurkha regiment units deployed malaya malaysia brunei singapore however british colonies gained independence chose remain part brunei singapore armed forces thus nullify tripartite agreement,positive
per erstwhile tripartite agreement employ regiments india regiments india went commitment giving employment additional regiment full strength gurakha soldiers refused join great britain military,positive
dear sir mere father late suresh singh ppo number kdmal inko death hue years gaye hai par abhi tak meri mother naam par pension transfer nahi hua hai,trust
nepal government already agreed adopted new set proposals govern gurkha soldiers betterment best understanding india party changes hence treaty totality becomes nullified,positive
sister got married thus join club older siblings expectation family embarrassment relieved,positive
sonu sir saal hamare family paresan fura gar demolish kiya help kare sir bandra west gar bhai mammy daddy,trust
kanhaiyalal many others hatched death allahuakbar slogans lacs mobrule chanted uaarage,fear
stocks news today gttcs redesign software nokia gtgangwal family sell stake indigo gttata power set charging facilities gtmax ventures acquire acreage builders gtbank maharsahtra raise crs stockmarket stocks markets sgxnifty,negative
education important part anyones life definitely helps lift family poverty live wonderful meaningful life also teaches correct way life internationalliteracyday sfix,trust
family divided india,fear
fii buyers markets sharp rebound amp yields soften brent continues slide bbl best bet moderate gap tht build long pull back several positions squared last days due lack clear strength thy return,positive
yesterday saw sita ramam family hindi version awesome movie clapper must guysheartheart mrunal thakur heartheart eyes dulquer salman handheart sita ramam visually beautiful tale love loss sita ramam classic love story,positive
queen elizabeth royal homoeopathy homopathyworks royalfamily,fear
shcvmqgzv bhagyaraj kuttymatamiltv election queenelizabeth abolishthemonarchy queen bramhastra bigmouth shutdown,fear
jhansi queen also grinninggrinning,fear
deeply saddened death majesty queen join royal family rest world mourning queenelizabethll secbkbrhd,positive
meanwhile heaven queen elizabeth meeting boot licking savarkar tamil people relate meme far better joyok hand queen queen elizabeth savarkar,fear
happy produce film cholas recently went tanjore big temple afternoon family unable walk inside due overheat floors kids suffered lot something,trust
health common reason cited choosing proper diet good reason feeding family andor friends nourishing healthy diet great way show love want keep healthy nourished happy nutrition week everysidefoundation,positive
handkerchief langot queen might mistaken handkerchief,fear
red queen heartheart seqb,fear
jairam made announcer venugopal communicates familys orders like chief secretary state,fear
family purchased property many years back never wanted settle ideal location settle things changed lot still lot needs done continue done funds slightly smiling face,positive
amma,fear
serious note understand declaring day flag half mast queen part commonwealth countries officially give condolences royal family feels like licking boots colonizers,trust
pvr aaplllm oorrvr rrvr eeooaa aaaa eiu aii aiu aauai oou iiai upvr itrru ennnku aaai aiennntu vytu uui aarnnmaa irrnaa aii ripbouquet,fear
really sorry queens death really appreciate queen works incredible see lived years reigned years queen,fear
hey things queen elizabeth iis death incredible lived years reigned queen years may rest peace,positive
rip queenelizabeth queenelizabethii londonbridge buckinghampalace queenelizabethiimemorial queen,fear
understand frustration dear insulting reddy community highly condemnable grandfather freedom fighter amp great congress leader realised late gandhi family ruined repute fyi price burberry tshirt,trust
death majesty elizabeth britain amp world lost remarkably steadydedicated pragmatic amp level headed queen era ended condolences family shanthi,positive
ben stokes going sangamam dance queen,trust
iiaa aai uee queen elizabeth,fear
true inspiration lots women worldwide animal lover good heart rest peace queen elisabeth black heartpray reposted folded hands medium-light skin tone worldwide,positive
reached top secret information stopped decodepreachinform world eras sing note want feelsweet spot holesamp post proof world youtube etc like queen built ascensionsuch rainbow stuff ascension deathin kali era,trust
rip,fear
queen well known extraordinary reign sense duty devotion life servicemay soul rest peace ripqueenelizabeth,positive
majesty dedicated life service affection people interest everyday lives drew hearts many around world curious kind constant,positive
years prime ministers queen crown extraordinary woman remarkable life rest peace queen elizabeth queenelizabethil queenelizabeth ripqueenelizabeth british chennai india,positive
ill banned country spilling royal secrets turns true joyjoy interesting turn events joy,positive
queen died may rest peace commonwealth must choose another titular head british monarch stay relevant,positive
rip,fear
think queen faking death see many people attend funeral bad mouthing thinking face,sadness
saturday evenings better family friends around come dine end week flavourful note heart eyes mumbaikars happycustomers saturdayss swop,fear
samantha amp yashoda fire queen acting blue heart excited fdfs fan story selectionproud sam,fear
voice responsible familys tripsfeeling sweet spot eating dreaming rides etc artist based voice levels health sweet spot best said iton time law pushed hole international tripline antenna etc,trust
feel sad left one remarkable human maybe best example service god country world ever seen rip queen elizabeth queenelizabeth rest peace,positive
indian rip queen,fear
queenelizabethii uks longestserving monarch died balmoral castle scotland aged reigned years,fear
queen elizabeth first british monarch accede throne indias independence colonial rule cherished warmth hospitality received three state visits country course reign -,positive
queen,fear
rip queen elizabeth britains longestreigning monarch dies aged,fear
isd queenelizabeth ripqueenelizabethii queen england ripqueen elizabethii,fear
rip queenelizabethii,fear
queen elizabeth died aged peace shes dead,trust
queenelizabethii died peacefully balmoral afternoon king queen consort remain balmoral evening return london tomorrow ripqueenelizabeth,trust
rest peace queen elizabeth uks longestserving monarch died balmoral aged reigning years elizabethii queenelizabethii queenelizabeth balmoral thephotohub,positive
deepest condolences demise beloved queen may soul rest peace,positive
rip elegant lady,positive
rip queen princess queen elizabeth,positive
"""queen elizabeth died aged """,fear
queen elizabeth died aged,fear
"""queen elizabeth died aged "" sauuqnl",fear
queen president jfk jackie kennedy sohcwsn,trust
seeing smile face appointed wished queenelizabethii would live years days mark history significant shift newera challenges pray gods goodness mercy guide nations right path,positive
rip queenelizabeth looks like one liz charge,fear
"""periya elizabeth rani nee"" maxi used orally ripqueen",fear
kanam terrific amazing family drama dose scifibrilliantly written directednice see interesting roles mam owned film congratulations,positive
rip queen elizabeth,fear
queenelizabeth lizabeth britain queen death aai,fear
lizabeth britain queen death aai,fear
queen elizabeth aged passes away queenelizabethii,fear
extremely saddened death majesty ripqueenelizabeth sob,negative
rip,fear
london bridge fallen broken heart peaceful end longest era queenelizabeth forever may rip,fear
aai aaaaaa aai irnnaa aaaaaa vrlaai aaiaa utvr irnnaa aaaaiaa irnnaa aaaaaa queenelizabeth passedaway britain queen,fear
rip queen rose smsgwt,fear
rip queen elizabeth longest living monarch british history princess sending big hug ukers flag united kingdom queenelizabeth,positive
decades prime ministers queen majesty queen elizabeth restinpeace queenelizabeth,positive
death wait want see king kohli score century indvsafg queenelizabeth queen indiancricketteam viratkohli kholi,anticipation
queen elizabeth longestserving monarch queenelizabeth,fear
decades prime ministers queen majesty queen elizabeth end era world lost icon inspiring historic figure queenelizabeth elizabethii elizabeth queen scotland india tamilnadu chennai subash,positive
sad news death queen elizabeth photo honour official photographer visited india chennai india,fear
rip,fear
queen elizabeth died age queen elizabeth inherited throne father george reigned monarch since may soul rest peace queenelizabeth hermajesty londonbridge unitedkingdom syq,trust
truly end era queen elizabeth britains longest reigning monarch dies,fear
age bro rip,fear
god could save queen long queenelizabeth rest peace shanti,positive
ffs man queen died city spurs match saturday pensive,sadness
queenelizabeth ripqueenelizbeth years old diesshe longest queen years,fear
deepest condolences bereaved family mourning nation,negative
kamal haasan queen elizabeth kalaignar karunanidhi marudhanayagam launch queenelizabeth queen,positive
rip,fear
britains queen elizabeth passes away age years balmoral castle scotland queenelizabeth elizabeth queen scotland india tamilnadu chennai subash,fear
queenelizabeth much memories thinking rest peace queen,positive
queen died peacefully balmoral afternoon london bridge fallen queenelizabeth rip,fear
rip queen crown,fear
end era queen elizabeth britains longest serving monarch passed away aged queenelizabeth queen,fear
london bridge fallen queenelizabeth queen,fear
kanam extraordinary movie must watch family,fear
family family,fear
cant speak hindi speaks chaste hindinot talks english better colonialism,fear
written rtis cell petitions tnpcb tiruvallur illegally operated companies since family threatened aug local land owners renting illegal companies,fear
forever gorgeous queen heartheartheartheartheartheartheart,positive
queen like,fear
dralby wish family happy onam caste common discipline citizensi love india unique status many religions living peacefullythere never wasand never unique country ourswe celebrate joyous occassions,positive
great minds souls like must help let remains dad give royal last rites indeedspecial crime reporter barbara thyab ali,trust
things happen monarch dies saiimkdf,anticipation
happy feast family may mother bless family peace health happiness always velankanni velankannichurch godblessyouall sacredtrinitydigiagency chennai india,positive
lacking basic reading writing skills tremendous disadvantage literacy enriches individuals life creates opportunities people develop skills help provide family literacyday literacy india tamilnadu,positive
rip,fear
great shot captured giving homage fatherspecial crime reporter drbarbara thyab alimost vvips seated cushioned floors lucky escape deathdr barbara thyab ali special crime reporter bta,positive
world film carnivel singaporeboom maamanithan hearts best director best actor family amp children film narrative film,trust
happy onam family nisha,trust
happy prosperous onam family vasan,positive
wish happy prosperous thiruvonam ischs family seasongreetings onam onam mindfulness mentalhealth happiness ischs international school counselling holistic studies,positive
blossom onashamsakal ear rice giving sharing loving celebrating together that' essence onam may year' onam bring family fun fulfillment onam onashamsakal expressavenue shopping onamcelebration,positive
enroute bharatjodoyatra shri meets family neet aspirant anitha ended life rahul gandhi expressed condolences amp support family rahulgandhi,fear
happy onam maddy family,trust
happy onam brother family entire football team,trust
one among ashchahalbishnoi spinners incl axar help controlled rate allows best fielding restrictions final overs play deepak chahar bumrah arshdeep death pandyachahar chip final keep dravid team selection,fear
time petals floor children swings tiger clad men hunters behind people enjoying onasadya family all...let onam bring joy prosperity author unknown onamwishes comk sygku,positive
